# ЗГЕНЕРОВАНО build_db.py (крок 4d, bug-057) — НЕ РЕДАГУВАТИ. Рішення людини — у tbesh_variant_overrides.tsv
# decision: OWN/SINGLE — власна група (змінено лише вибір рядка); AUTO — AGREE; OVERRIDE — куратор;
#           CURATE/NO_SIGNAL — сигнал не розсудив, лишився перший варіант (кандидат для куратора)
id	occurrences	decision	variant_first	variant_chosen	row_dstrong	legacy_short_def	short_def	legacy_long_def_head	long_def_head	cov_G	cov_GF
H1	1210	OWN	H1	H1	H0001G	father	father	The father of Gibeon, also known as Abiel - a man of the tribe of Benj	1) father of an individual 2) of God as father of his people 3) head o		
H22	3	OWN	H22	H22	H0022G	Abiel	Abiel	Abiel, a man living at the time of United Monarchy, first mentioned at	Abiel = "El (God) is (my) father"  Saul's grandfather, a man of the tr		
H26	17	OWN	H26	H26	H0026G	Abigail	Abigail	A woman living at the time of United Monarchy, first mentioned at 2Sa.	A woman living at the time of United Monarchy, first mentioned at 1Sa.		
H29	23	OWN	H29	H29	H0029G	Abijah	Abijah	A woman living at the time of Divided Monarchy, first mentioned at 2Ki	A man of the tribe of Levi living at the time of United Monarchy, firs		
H32	2	OWN	H32	H32	H0032G	Abihail	Abihail	A man living at the time of Exile and Return, first mentioned at Est.2	A man living at the time of Egypt and Wilderness, only mentioned at Nu		
H40	67	OWN	H40	H40	H0040G	Abimelech	Abimelech	A man living at the time of United Monarchy, first mentioned at 2Sa.8.	A man living at the time of the Patriarchs, first mentioned at Gen.20.		
H41	13	OWN	H41	H41	H0041G	Abinadab	Abinadab	A man living at the time of United Monarchy, only mentioned at 1Ki.4.1	A man living at the time of United Monarchy, first mentioned at 1Sa.7.		
H44	7	OWN	H44	H44	H0044G	Abiezer	Abiezer	A man of the tribe of Manasseh living at the time of Egypt and Wildern	A man living at the time of United Monarchy, first mentioned at 2Sa.23		
H48	11	OWN	H48	H48	H0048G	Abiram	Abiram	A man living at the time of Divided Monarchy, only mentioned at 1Ki.16	A man of the tribe of Reuben living at the time of Egypt and Wildernes		
H50	5	OWN	H50	H50	H0050G	Abishua	Abishua	A man of the tribe of Benjamin living at the time of Egypt and Wildern	A man of the tribe of Levi living at the time of Egypt and Wilderness,		
H59	3	OWN	H59	H59	H0059G	Abel	Abel	A city in northern Israel near Bethmaachah  Another name of a.vel bet-	The place where the ark rested in the field of Joshua at Bethshemesh  		
H68	272	OWN	H68	H68	H0068G	stone	stone	The sacred object, a memorial Samuel set up to mark where God helped I	: stone 1) stone (large or small) 1a) common stone (in natural state) 		
H90	8	OWN	H90	H90	H0090G	Agag	Agag	A man living at the time of United Monarchy, first mentioned at 1Sa.15	A man living at the time of Egypt and Wilderness, only mentioned at Nu		
H120	551	OWN	H120	H120	H0120G	man	man	The first named man living at the time before the Flood, first mention	1) man, mankind 1a) man, human being 1b) man, mankind (much more frequ		
H121	10	OWN	H121	H121	H0121G	Adam	Adam	Adam = "red"    city in Jordan valley	A man living at the time before the Flood, first mentioned at Gen.2.19		
H122	9	AUTO	H122a	H122a	H0122A	red	red	red, ruddy (of man, horse, heifer, garment, water, lentils)	red, ruddy (of man, horse, heifer, garment, water, lentils)	a:0.89, b:0.89	a:1.00, b:0.89
H123	100	OWN	H123	H123	H0123G	Edom	Edom	A man living at the time of the Patriarchs, first mentioned at Gen.25.	Edom = "red"    land of Edom, Idumea-land south and south east of Pale		
H127	225	OWN	H127	H127	H0127G	land: soil	land: soil	: planet 1) ground, land 1a) ground (as general, tilled, yielding sust	: soil 1) ground, land 1a) ground (as general, tilled, yielding susten		
H138	7	OWN	H138	H138	H0138G	Adonijah	Adonijah	A man living at the time of Exile and Return, only mentioned at Neh.10	A man of the tribe of Judah living at the time of United Monarchy, fir		
H146	1	OWN	H146	H146	H0146G	Addar	Addar	A man of the tribe of Benjamin living at the time of Egypt and Wildern	§ Addar or Adar = "exceeding glorious"  city in Judah near Edom		
H152	1	OWN	H152	H152	H0152G	Adrammelech	Adrammelech	A man living at the time of Divided Monarchy, first mentioned at 2Ki.1	A man living at the time of Divided Monarchy, only mentioned at 2Ki.17		
H157	215	OWN	H157	H157	H0157G	to love: lover	to love: lover	: friend 1) to love 1a) (Qal) 1a1) human love for another, includes fa	: lover 1) to love 1a) (Qal) 1a1) human love for another, includes fam		
H164	9	OWN	H164	H164	H0164G	Ehud	Ehud	A man of the tribe of Benjamin living at the time of Divided Monarchy,	A Judge of the tribe of Benjamin living before Israel's Monarchy, firs		
H168	345	OWN	H168	H168	H0168G	tent	tent	: home 1) tent 1a) nomad's tent, and thus symbolic of wilderness life,	: tent 1) tent 1a) nomad's tent, and thus symbolic of wilderness life,		
H173	8	OWN	H173	H173	H0173G	Oholibamah	Oholibamah	A woman living at the time of the Patriarchs, first mentioned at Gen.3	A woman living at the time of the Patriarchs, first mentioned at Gen.3		
H176	320	AUTO	H176a	H176a	H0176A	or	or	1) or, rather 1a) implying that the latter choice is preferred 1b) or 	1) or, rather 1a) implying that the latter choice is preferred 1b) or 	a:0.95, b:0.00	a:0.99, b:0.00
H187	2	OWN	H187	H187	H0187G	Uzal	Uzal	§ Uzal = "I shall be flooded"  sixth son Joktan	A man living at the time of the Patriarchs, first mentioned at Gen.10.		
H193	1	CURATE	H193a	H193a	H0193A	strength	strength	1) prominence 1a) body, belly (contemptuous)	1) prominence 1a) body, belly (contemptuous)	a:0.00, b:0.00	a:1.00, b:0.00
H198	4	OWN	H198	H198	H0198G	Ulam	Ulam	A man of the tribe of Benjamin living at the time of Divided Monarchy,	A man of the tribe of Manasseh living at the time of Divided Monarchy,		
H205	77	OWN	H205	H205	H0205G	evil: wickedness	evil: wickedness	1) trouble, wickedness, sorrow 1a) trouble, sorrow 1b) idolatry 1c) tr	1) trouble, wickedness, sorrow 1a) trouble, sorrow 1b) idolatry 1c) tr		
H206	1	OWN	H206	H206	H0206G	(Valley of) Aven	(Valley of) Aven	Aven = "vanity"   a name used contemptuously a place of idolatrous wor	Aven = "vanity"  A town or region in Syria (Am 1:5)  a name used conte		
H208	4	OWN	H208	H208	H0208G	Onam	Onam	A man of the tribe of Judah living at the time of United Monarchy, fir	A man living at the time of the Patriarchs, first mentioned at Gen.36.		
H211	2	OWN	H211	H211	H0211G	Ophir	Ophir	§ Ophir = "reducing to ashes"   a land or city in southern Arabia in S	A man living at the time of the Patriarchs, first mentioned at Gen.10.		
H219	3	AUTO	H219a	H219a	H0219A	light	light	1) light 2) light of joy and happiness (fig.)	1) light 2) light of joy and happiness (fig.)	a:0.67, b:0.00	a:0.67, b:0.00
H221	8	OWN	H221	H221	H0221G	Uri	Uri	A man living at the time of Exile and Return, only mentioned at Ezr.10	A man of the tribe of Judah living at the time of Egypt and Wilderness		
H222	4	OWN	H222	H222	H0222G	Uriel	Uriel	A man living at the time of United Monarchy, only mentioned at 2Ch.13.	A man of the tribe of Levi living at the time of Divided Monarchy, fir		
H223a	3	OWN	H223a	H223a	H0223A	Uriah	Uriah	A man living at the time of Exile and Return, only mentioned at Neh.8.	A man living at the time of United Monarchy, first mentioned at 2Sa.11		
H226	79	OWN	H226	H226	H0226G	sign: miraculous	sign: miraculous	: 2_indicator 1) sign, signal 1a) a distinguishing mark 1b) banner 1c)	: miraculous 1) sign, signal 1a) a distinguishing mark 1b) banner 1c) 		
H227	141	AUTO	H227a	H227a	H0227A	then	then	1) then, at that time 1a) temporal expressions 1a1) then (past) 1a2) t	1) then, at that time 1a) temporal expressions 1a1) then (past) 1a2) t	a:0.80, b:0.00	a:0.88, b:0.14
H241	187	OWN	H241	H241	H0241G	ear	ear	: to[ears_of](PERSON) 1) ear, as part of the body 2) ear, as organ of 	: ear 1) ear, as part of the body 2) ear, as organ of hearing 3) (subj		
H244	1	AUTO	H244a	H244a	H0244A	Ozni	Ozni	A man of the tribe of Gad living at the time of Egypt and Wilderness, 	A man of the tribe of Gad living at the time of Egypt and Wilderness, 	a:1.00, b:0.00	a:1.00, b:1.00
H251	629	OWN	H251	H251	H0251G	brother: male-sibling	brother: male-sibling	: compatriot 1) brother 1a) brother of same parents 1b) half-brother (	: male-sibling 1) brother 1a) brother of same parents 1b) half-brother		
H256	93	OWN	H256	H256	H0256G	Ahab	Ahab	A man living at the time of Divided Monarchy, first mentioned at Jer.2	A king of the Kingdom of Israel, living at the time of Divided Monarch		
H271	41	OWN	H271	H271	H0271G	Ahaz	Ahaz	A man of the tribe of Benjamin living at the time of United Monarchy, 	A king of the tribe of Judah living at the time of Divided Monarchy, f		
H274	7	OWN	H274	H274	H0274G	Ahaziah	Ahaziah	A king of the tribe of Judah living at the time of Divided Monarchy, f	A king of the Kingdom of Israel, living at the time of Divided Monarch		
H277	2	OWN	H277	H277	H0277G	Ahi	Ahi	A man of the tribe of Asher living at the time of Divided Monarchy, on	A man of the tribe of Gad  living at the time of Divided Monarchy, onl		
H281	19	OWN	H281	H281	H0281G	Ahijah	Ahijah	A man living at the time of United Monarchy, first mentioned at 1Sa.14	A man living at the time of United Monarchy, only mentioned at 1Ki.4.3		
H283	6	OWN	H283	H283	H0283G	Ahio	Ahio	A man of the tribe of Benjamin living at the time of United Monarchy, 	A man living at the time of United Monarchy, first mentioned at 2Sa.6.		
H285	15	OWN	H285	H285	H0285G	Ahitub	Ahitub	A man of the tribe of Levi living at the time of Divided Monarchy, fir	A man living at the time of United Monarchy, first mentioned at 1Sa.14		
H288	17	OWN	H288	H288	H0288G	Ahimelech	Ahimelech	A man living at the time of United Monarchy, first mentioned at 2Sa.8.	A man living at the time of United Monarchy, first mentioned at 1Sa.14		
H289	4	OWN	H289	H289	H0289G	Ahiman	Ahiman	A man of the tribe of Levi  living at the time of Exile and Return, on	A man living at the time of Egypt and Wilderness, first mentioned at N		
H290	15	OWN	H290	H290	H0290G	Ahimaaz	Ahimaaz	A man living at the time of United Monarchy, only mentioned at 1Ki.4.1	A man living at the time of United Monarchy, only mentioned at 1Sa.14.		
H293	7	OWN	H293	H293	H0293G	Ahinoam	Ahinoam	A woman living at the time of United Monarchy, first mentioned at 1Sa.	A woman living at the time of United Monarchy, only mentioned at 1Sa.1		
H295	6	OWN	H295	H295	H0295G	Ahiezer	Ahiezer	A man living at the time of Divided Monarchy, only mentioned at 1Ch.12	A man living at the time of Egypt and Wilderness, first mentioned at N		
H304	2	OWN	H304	H304	H0304G	Ahlai	Ahlai	A man living at the time of Divided Monarchy, only mentioned at 1Ch.11	A man of the tribe of Judah living at the time of Divided Monarchy, on		
H310	720	AUTO	H310a	H310a	H0310A	after	after	1) after the following part, behind (of place), hinder, afterwards (of	1) after the following part, behind (of place), hinder, afterwards (of	a:0.69, b:0.00	a:0.91, b:0.00
H328	5	OVERRIDE	H328a	H328b	H0328B	mutterer	softly	enchanter, necromancer (substantive)	1) gentleness, softness 1a) gently 1b) flowing 1c) softly	a:0.00, b:0.00	a:0.00, b:0.40
H329	4	OWN	H329	H329	H0329H	Atad	bramble	1) bramble, thorn, buckthorn	1) bramble, thorn, buckthorn		
H333	5	OWN	H333	H333	H0333G	Ater	Ater	A man living at the time of Exile and Return, only mentioned at Neh.10	A man living at the time of Exile and Return, first mentioned at Ezr.2		
H345	6	OWN	H345	H345	H0345G	Aiah	Aiah	A man living at the time of United Monarchy, first mentioned at 2Sa.3.	A man living at the time of the Patriarchs, first mentioned at Gen.36.		
H352	161	AUTO	H352a	H352a	H0352A	ram	ram	1) ram 1a) ram (as food) 1b) ram (as sacrifice) 1c) ram (skin dyed red	1) ram 1a) ram (as food) 1b) ram (as sacrifice) 1c) ram (skin dyed red	a:0.97, b:0.00, c:0.01, d:0.00	a:0.97, b:0.00, c:0.01, d:0.00
H356	6	OWN	H356	H356	H0356G	Elon	Elon	A Judge living before Israel's Monarchy, first mentioned at Jdg.12.11 	A man living at the time of the Patriarchs, first mentioned at Gen.26.		
H359	5	AUTO	H359a	H359a	H0359A	Elath	Elath	§ Elath or Eloth = "grove of lofty trees"  a port on the north-east ar	§ Elath or Eloth = "grove of lofty trees"  a port on the north-east ar	a:1.00, b:0.00	a:1.00, b:1.00
H376	2187	OWN	H376	H376	H0376G	man	man	: anyone/someone 1) man 1a) man, male (in contrast to woman, female) 1	: man 1) man 1a) man, male (in contrast to woman, female) 1b) husband 		
H384	3	OWN	H384	H384	H0384G	Ithiel	Ithiel	A man living at the time of United Monarchy, first mentioned at Pro.30	A man living at the time of Exile and Return, only mentioned at Neh.11		
H387	8	OWN	H387	H387	H0387G	Ethan	Ethan	A man of the tribe of Levi living at the time of United Monarchy, firs	A man living at the time of United Monarchy, first mentioned at 1Ki.4.		
H392	4	OWN	H392	H392	H0392G	Achzib	Achzib	§ Achzib = "deceit"   a town in Asher by the Sea of Galilee	§ Achzib = "deceit"   a town in the lowland of west Judah		
H410	236	OWN	H410	H410	H0410K	God	god	: power 1) god, god-like one, mighty one 1a) mighty men, men of rank, 	: god 1) god, god-like one, mighty one 1a) mighty men, men of rank, mi		
H425	13	OWN	H425	H425	H0425G	Elah	Elah	Elah = "An oak"   Combined with  " Valley" (e.meq  עֵ֫מֶק   H6010I)	A man living at the time of the Patriarchs, first mentioned at Gen.36.		
H430	2601	OWN	H430	H430	H0430G	God	God	Combined with giv.ah (גִּבְעָה "Gibeath" H1389)	This name means  "gods" (plural intensive-singular meaning), "God" Ano		
H436	10	OWN	H436	H436	H0436H	(Diviners') Oak	terebinth	1) tree, great tree, terebinth 2) plain	1) tree, great tree, terebinth 2) plain		
H438	1	OWN	H438	H438	H0438G	oak	oak	A man of the tribe of Simeon(?) living at the time of Divided Monarchy	§ Allon = "great tree" or "oak"   city in Naphtali		
H441	60	AUTO	H441a	H441b	H0441B	tame	chief	1) tame, docile 2) friend, intimate	chief	a:0.00, b:0.95	a:0.00, b:0.95
H443	2	OWN	H443	H443	H0443G	Elzabad	Elzabad	A man of the tribe of Levi living at the time of Divided Monarchy, onl	A man living at the time of Divided Monarchy, only mentioned at 1Ch.12		
H445	4	OWN	H445	H445	H0445G	Elhanan	Elhanan	A man living at the time of United Monarchy, first mentioned at 2Sa.23	A man living at the time of United Monarchy, first mentioned at 2Sa.21		
H446	21	OWN	H446	H446	H0446G	Eliab	Eliab	A man of the tribe of Levi living at the time of United Monarchy, firs	A man living at the time of Egypt and Wilderness, first mentioned at N		
H447	10	OWN	H447	H447	H0447G	Eliel	Eliel	A man of the tribe of Levi living at the time of United Monarchy, firs	A man of the tribe of Manasseh  living at the time of Divided Monarchy		
H450	4	OWN	H450	H450	H0450G	Eliada	Eliada	A man living at the time of Divided Monarchy, only mentioned at 2Ch.17	A man of the tribe of Judah living at the time of United Monarchy, fir		
H452	71	OWN	H452	H452	H0452G	Elijah	Elijah	A man living at the time of Exile and Return, only mentioned at Ezr.10	A prophet living at the time of Divided Monarchy, first mentioned at 1		
H453	11	OWN	H453	H453	H0453G	Elihu	Elihu	A man living at the time of the Patriarchs, first mentioned at Job.32.	A man of the tribe of Levi living at the time of United Monarchy, firs		
H454	2	AUTO	H454a	H454a	H0454A	Eliehoenai	Eliehoenai	A man living at the time of Divided Monarchy, only mentioned at 1Ch.26	A man living at the time of Divided Monarchy, only mentioned at 1Ch.26	a:1.00, b:0.00	a:1.00, b:0.00
H454a	7	OWN	H454a	H454a	H0454A	Eliehoenai	Eliehoenai	A man living at the time of Exile and Return, only mentioned at Ezr.8.	A man living at the time of Divided Monarchy, only mentioned at 1Ch.26		
H460	6	OWN	H460	H460	H0460G	Eliasaph	Eliasaph	A man living at the time of Egypt and Wilderness, only mentioned at Nu	A man living at the time of Egypt and Wilderness, first mentioned at N		
H461	14	OWN	H461	H461	H0461G	Eliezer	Eliezer	A man living at the time of Exile and Return, only mentioned at Ezr.10	A man living at the time of the Patriarchs, only mentioned at Gen.15.2		
H463	2	OWN	H463	H463	H0463G	Eliam	Eliam	A man living at the time of United Monarchy, only mentioned at 2Sa.23.	A man living at the time of United Monarchy, first mentioned at 2Sa.11		
H464	15	OWN	H464	H464	H0464G	Eliphaz	Eliphaz	A man living at the time of the Patriarchs, first mentioned at Job.2.1	A man of the Edomites living at the time of the Patriarchs, first ment		
H467	9	OWN	H467	H467	H0467G	Eliphelet	Eliphelet	A man living at the time of Exile and Return, only mentioned at Ezr.10	A man of the tribe of Judah living at the time of United Monarchy, fir		
H469	4	OWN	H469	H469	H0469G	Elizaphan	Elizaphan	A man living at the time of Egypt and Wilderness, only mentioned at Nu	A man of the tribe of Levi living at the time of Egypt and Wilderness,		
H471	12	OWN	H471	H471	H0471G	Eliakim	Eliakim	A king of the tribe of Judah living at the time of Divided Monarchy, f	A man living at the time of Divided Monarchy, first mentioned at 2Ki.1		
H473	3	OWN	H473	H473	H0473G	Elishah	Elishah	Elishah = "God of the coming (one)"  descendant of Noah, son of Javan;	A man of the Greeks living at the time of the Patriarchs, first mentio		
H475	17	OWN	H475	H475	H0475G	Eliashib	Eliashib	A man living at the time of Exile and Return, first mentioned at Neh.1	A man of the tribe of Judah living at the time of Divided Monarchy, on		
H476	17	OWN	H476	H476	H0476G	Elishama	Elishama	A man of the tribe of Judah living at the time of United Monarchy, fir	A man of the tribe of Ephraim living at the time of Egypt and Wilderne		
H494	7	OWN	H494	H494	H0494G	Elnathan	Elnathan	A man living at the time of Divided Monarchy, first mentioned at Jer.2	A man living at the time of Divided Monarchy, only mentioned at 2Ki.24		
H499	72	OWN	H499	H499	H0499G	Eleazar	Eleazar	A man living at the time of Exile and Return, only mentioned at Neh.12	A man of the tribe of Levi living at the time of Egypt and Wilderness,		
H501	6	OWN	H501	H501	H0501G	Eleasah	Eleasah	A man living at the time of Divided Monarchy, only mentioned at Jer.29	A man of the tribe of Judah living at the time of Divided Monarchy, fi		
H505	493	OWN	H505	H505	H0505G	thousand	thousand	: clan 1) a thousand 1a) as numeral 2) a thousand, company 2a) as a co	: thousand 1) a thousand 1a) as numeral 2) a thousand, company 2a) as 		
H511	21	OWN	H511	H511	H0511G	Elkanah	Elkanah	A man living at the time of Divided Monarchy, only mentioned at 2Ch.28	A man of the tribe of Levi living at the time of Egypt and Wilderness,		
H518	1068	AUTO	H518a	H518a	H0518A	if	if	: if/whether_or/though 1) if 1a) conditional clauses 1a1) of possible 	: if/whether_or/though 1) if 1a) conditional clauses 1a1) of possible 	a:0.61, b:0.60	a:0.73, b:0.60
H520	246	AUTO	H520a	H520a	H0520A	cubit	cubit	cubit-a measure of distance (the forearm), roughly 18 in (. 5m). There	cubit-a measure of distance (the forearm), roughly 18 in (. 5m). There	a:1.00, b:0.00	a:1.00, b:0.00
H526	17	OWN	H526	H526	H0526G	Amon	Amon	A man living at the time of Exile and Return, first mentioned at Ezr.2	A man living at the time of Divided Monarchy, first mentioned at 1Ki.2		
H549	2	OWN	H549	H549	H0549G	Amana	Amana	Amana = "support"   a river flowing into the plain of Damascus from An	§ Amana = "support" mountainous area of the river's origin		
H550	28	OWN	H550	H550	H0550G	Amnon	Amnon	A man of the tribe of Judah(?) living at the time of Divided Monarchy,	A man of the tribe of Judah living at the time of United Monarchy, fir		
H557	2	OWN	H557	H557	H0557G	Amzi	Amzi	A man living at the time of Exile and Return, only mentioned at Neh.11	A man of the tribe of Levi living at the time of Divided Monarchy, onl		
H558	9	OWN	H558	H558	H0558G	Amaziah	Amaziah	A man living at the time of Divided Monarchy, first mentioned at Amo.7	A king of the tribe of Judah living at the time of Divided Monarchy, f		
H564	8	OWN	H564	H564	H0564G	Immer	Immer	A man living at the time of Exile and Return, only mentioned at Neh.3.	A man of the tribe of Levi  living at the time of Exile and Return, fi		
H565	36	AUTO	H565a	H565a	H0565A	word	word	1) utterance, speech, word 1a) word of God (command and promise)	1) utterance, speech, word 1a) word of God (command and promise)	a:0.58, b:0.00	a:0.97, b:0.00
H566	2	OWN	H566	H566	H0566G	Imri	Imri	A man living at the time of Exile and Return, only mentioned at Neh.3.	A man of the tribe of Judah  living at the time of Exile and Return, o		
H568	13	OWN	H568	H568	H0568G	Amariah	Amariah	A man living at the time of Divided Monarchy, only mentioned at Zep.1.	A man of the tribe of Levi living at the time of United Monarchy, firs		
H571	127	OWN	H571	H571	H0571G	truth: faithful	truth: faithful	: certain/fixed 1) firmness, faithfulness, truth 1a) sureness, reliabi	: faithful 1) firmness, faithfulness, truth 1a) sureness, reliability 		
H581	4	AUTO	H581a	H581a	H0581A	they	they	these, those, they Aramaic of hem.mah (הֵ֫מָּה "they(masc.)" H1992)	these, those, they Aramaic of hem.mah (הֵ֫מָּה "they(masc.)" H1992)	a:0.75, b:0.00	a:0.75, b:0.00
H609	58	OWN	H609	H609	H0609G	Asa	Asa	A man of the tribe of Levi  living at the time of Exile and Return, on	A king of the tribe of Judah living at the time of Divided Monarchy, f		
H617	4	OWN	H617	H617	H0617G	Assir	Assir	A man of the tribe of Levi living at the time of Egypt and Wilderness,	A man of the tribe of Levi living at the time of Egypt and Wilderness,		
H623	46	OWN	H623	H623	H0623G	Asaph	Asaph	A man of the tribe of Levi living at the time of Egypt and Wilderness,	A man living at the time of Divided Monarchy, first mentioned at 2Ki.1		
H639	277	OWN	H639	H639	H0639G	face: anger	face: anger	: face 1) nostril, nose, face 2) anger	: anger 1) nostril, nose, face 2) anger		
H657	43	CURATE	H657a	H657a	H0657A	end	end	1) ceasing, end, finality 2) expressing non-existence	1) ceasing, end, finality 2) expressing non-existence	a:0.33, b:0.00	a:0.35, b:0.00
H663	9	OWN	H663	H663	H0663G	Aphek	Aphek	§ Aphek or Aphik = "enclosure"  a city in territory of Asher	Aphek or Aphik = "enclosure"   a Canaanite city near Jezreel Also name		
H669	180	OWN	H669	H669	H0669G	Ephraim	Ephraim	Ephraim = "double ash-heap: I shall be doubly fruitful"  the  country 	A man living at the time of the Patriarchs, first mentioned at Gen.41.		
H671	2	CURATE	H671a	H671a	H0671A	governors	governors	Apharsachites = "as causers of division (?)" Apharsathchites = "I will	Apharsachites = "as causers of division (?)" Apharsathchites = "I will	a:0.00, b:0.00	a:0.50, b:0.50
H672	4	OWN	H672	H672	H0672G	Ephrathah	Ephrathah	Ephrath or Ephratah = "ash-heap: place of fruitfulness"   Another name	A womanof the tribe of Judah  living at the time of Egypt and Wilderne		
H673	5	OWN	H673	H673	H0673G	Ephraimite	Ephraimite	A woman descended from Ephrathah of the tribe of Judah  living at the 	Someone descended from Ephraim, a man living at the time of the Patria		
H675	2	OWN	H675	H675	H0675G	Ezbon	Ezbon	A man of the tribe of Benjamin living at the time of Egypt and Wildern	A man of the tribe of Gad living at the time of Egypt and Wilderness, 		
H682	6	AUTO	H682a	H682a	H0682A	Azel	Azel	A man of the tribe of Benjamin living at the time of Divided Monarchy,	A man of the tribe of Benjamin living at the time of Divided Monarchy,	a:1.00, b:0.00	a:1.00, b:0.00
H684	2	OWN	H684	H684	H0684G	Ozem	Ozem	A man of the tribe of Judah living at the time of United Monarchy, onl	A man of the tribe of Judah living at the time of United Monarchy, onl		
H709	4	OWN	H709	H709	H0709G	Argob	Argob	A man living at the time of Divided Monarchy, only mentioned at 2Ki.15	§ Argob = "heap of clods"   a district or area in Bashan		
H714	2	OWN	H714	H714	H0714G	Ard	Ard	A man of the tribe of Benjamin living at the time of Egypt and Wildern	A man of the tribe of Benjamin living at the time of Egypt and Wildern		
H733	4	OWN	H733	H733	H0733G	Arah	Arah	A man living at the time of Exile and Return, only mentioned at Neh.6.	A man of the tribe of Asher living at the time of Divided Monarchy, on		
H740	4	OWN	H740	H740	H0740G	Ariel	Ariel	Ariel = "lion of God" or "lioness of God" Another name of ye.ru.sha.la	A man living at the time of Exile and Return, only mentioned at Ezr.8.		
H758	125	OWN	H758	H758	H0758G	Aram	Aram	Aram or Arameans = "exalted"   Aram or Syrian nation Another name of p	A man living at the time of the Patriarchs, first mentioned at Gen.10.		
H759	32	OWN	H759	H759	H0759G	citadel: palace	citadel: palace	: palace  citadel, palace, fortress A sub-meaning of ar.mon (אַרְמוֹן 	: palace  citadel, palace, fortress Also means: ar.mon (אַרְמוֹן ": fo		
H761	12	OWN	H761	H761	H0761G	Aramean	Aramean	Someone from Aram Group of pad.dan (פַּדָּן "Paddan" H6307)  § Syrian 	A woman of Syria living at the time of Egypt and Wilderness, only ment		
H772	21	OWN	H772	H772	H0772G	earth: soil	earth: soil	: planet  earth, world, ground Aramaic of e.rets (אֶ֫רֶץ ": soil" H077	: soil  earth, world, ground Aramaic of e.rets (אֶ֫רֶץ ": soil" H0776H		
H776	2504	OWN	H776	H776	H0776G	land: country/planet	land: country/planet	: soil 1) land, earth 1a) earth 1a1) whole earth (as opposed to a part	: country/field 1) land, earth 1a) earth 1a1) whole earth (as opposed 		
H783a	6	OWN	H783a	H783a	H0783A	Artaxerxes	Artaxerxes	A man living at the time of Exile and Return, first mentioned at Ezr.4	A man living at the time of Exile and Return, first mentioned at Ezr.6		
H802	781	OWN	H802	H802	H0802G	woman	woman	: another 1) woman, wife, female 1a) woman (opposite of man) 1b) wife 	: woman 1) woman, wife, female 1a) woman (opposite of man) 1b) wife (w		
H804	151	OWN	H804	H804	H0804G	Assyria	Assyria	A man living at the time of the Patriarchs, first mentioned at Gen.10.	§ Asshur or Assyria = "a step"   the nation, Assyria the land, Assyria		
H805	1	OVERRIDE	H805a	H805b	H0805B	Asshurim	Ashurite	Someone descended from Asshur(?) of the Patriarchs, only mentioned at 	Someone from the tribe of Asher  living at the time of the Patriarchs,	a:0.00, b:1.00	a:1.00, b:1.00
H812	2	OWN	H812	H812	H0812G	Eshcol	Eshcol	Eshcol = "cluster"  This name is used for an area of Hebron, the valle	A man living at the time of the Patriarchs, first mentioned at Gen.14.		
H813	3	OWN	H813	H813	H0813G	Ashkenaz	Ashkenaz	§ Ashchenaz or Ashkenaz = "a man as sprinkled: fire as scattered"   a 	A man of the Gomerians living at the time of the Patriarchs, first men		
H830	7	OWN	H830	H830	H0830H	Dung (Gate)	refuse	ash heap, refuse heap, dung-hill	ash heap, refuse heap, dung-hill		
H834	5500	CURATE	H834a	H834a	H0834A	which	which	A: 1) (relative part.) 1a) which, who 1b) that which 2) (conj) 2a) tha	A: 1) (relative part.) 1a) which, who 1b) that which 2) (conj) 2a) tha	a:0.15, b:0.15, c:0.00, d:0.20	a:0.21, b:0.18, c:0.04, d:0.23
H844	3	OWN	H844	H844	H0844G	Asriel	Asriel	A man of the tribe of Manasseh living at the time of Egypt and Wildern	A man of the tribe of Manasseh living at the time of Egypt and Wildern		
H859	744	AUTO	H859a	H859a	H0859A	you(m.s.)	you(m.s.)	you (second pers. sing. masc.)	you (second pers. sing. masc.)	a:0.99, b:0.99, c:0.99, d:0.99, e:0.99	a:0.99, b:0.99, c:0.99, d:0.99, e:0.99
H863	9	OWN	H863	H863	H0863G	Ittai	Ittai	A man living at the time of United Monarchy, first mentioned at 2Sa.23	A man living at the time of United Monarchy, first mentioned at 2Sa.15		
H876	2	OWN	H876	H876	H0876G	Beer	Beer	Beer = "well"   a city west of Hebron Another name of be.e.rot (בְּאֵר	§ Beer = "well"   an oasis rest in desert during the Exodus		
H881	5	OWN	H881	H881	H0881G	Beeroth	Beeroth	Beeroth = "wells"  a Gibeonite city allotted to Benjamin Combined with	§ Beeroth = "wells"  a Gibeonite city allotted to Benjamin		
H882	2	OWN	H882	H882	H0882G	Beeri	Beeri	A man living at the time of Divided Monarchy, only mentioned at Hos.1.	A man living at the time of the Patriarchs, only mentioned at Gen.26.3		
H893	6	OWN	H893	H893	H0893G	Bebai	Bebai	A man living at the time of Exile and Return, only mentioned at Neh.10	A man living at the time of Exile and Return, first mentioned at Ezr.2		
H899	215	AUTO	H899a	H899b	H0899B	treachery	garment	treachery, deceit	(CLBL) garment, clothing (used indiscriminately)	a:0.00, b:0.49	a:0.00, b:0.96
H902	6	OWN	H902	H902	H0902G	Bigvai	Bigvai	A man living at the time of Exile and Return, only mentioned at Neh.10	A man living at the time of Exile and Return, first mentioned at Ezr.2		
H905	160	OWN	H905	H905	H0905G	alone: pole	alone: pole	: besides/apart from 1) alone, by itself, besides, a part, separation,	: pole 1) alone, by itself, besides, a part, separation, being alone 1		
H917	2	OWN	H917	H917	H0917G	Bedan	Bedan	A Judge living before Israel's Monarchy, first mentioned at Jdg.4.6;  	A man of the tribe of Manasseh living at the time of Divided Monarchy,		
H935	2558	OWN	H935	H935	H0935G	to come (in): come	to come (in): come	: bring/take_in 1) to go in, enter, come, go, come in 1a) (Qal) 1a1) t	: come/go_in 1) to go in, enter, come, go, come in 1a) (Qal) 1a1) to e		
H938	3	OWN	H938	H938	H0938G	Buz	Buz	§ Buz = "contempt"   a place in Arabia	A man living at the time of the Patriarchs, only mentioned at Gen.22.2		
H953	70	AUTO	H953a	H953a	H0953A	pit	pit	pit, well, cistern, dungeon, pit of the grave	pit, well, cistern, dungeon, pit of the grave	a:0.56, b:0.30	a:0.97, b:0.30
H973	1	NO_SIGNAL	H973a	H973a	H0973A	to loath	to loath	to loathe, abhor, feel loathing	to loathe, abhor, feel loathing	a:0.00, b:0.00	a:0.00, b:0.00
H990	72	OWN	H990	H990	H0990G	belly: abdomen	belly: abdomen	: body 1) belly, womb, body 1a) belly, abdomen 1a1) as seat of hunger 	: abdomen 1) belly, womb, body 1a) belly, abdomen 1a1) as seat of hung		
H996	408	OWN	H996	H996	H0996G	between	between	: among  between, among, in the midst of (with other preps), from betw	: between  between, among, in the midst of (with other preps), from be		
H1004	2042	AUTO	H1004a	H1004b	H1004B	place	house: home	nm  place, origin, between	: home/temple/building nm 1) house 1a) house, dwelling habitation 1b) 	a:0.00, b:0.96	a:0.00, b:0.98
H1008	144	OWN	H1008	H1008	H1008G	Bethel	Bethel	§ Bethel = "house of God"   a place in south country of Judah	§ Bethel = "house of God"   ancient place and seat of worship in Ephra		
H1016	4	OWN	H1016	H1016	H1016G	Beth-dagon	Beth-dagon	§ Beth-dagon = "house of Dagon"   the temple of Dagon in Asher	§ Beth-dagon = "house of Dagon"   the temple of Dagon in Judah		
H1032	28	OWN	H1032	H1032	H1032G	Beth-horon	Beth-horon	Beth-horon = "house of hollowness"  Lower Beth-horon-town located 800 	§ Beth-horon = "house of hollowness"   two towns in Ephraim 1a) Upper 		
H1035	82	OWN	H1035	H1035	H1035G	Bethlehem	Bethlehem	§ Beth-lehem = "house of bread (food)"   a place in Zebulun	§ Beth-lehem = "house of bread (food)"   a city in Judah, birthplace o		
H1053	42	OWN	H1053	H1053	H1053G	Beth-shemesh	Beth-shemesh	Beth-shemesh = "house of the sun" or "sun-temple"   a town in Egypt An	§ Beth-shemesh = "house of the sun" or "sun-temple"   a town in southw		
H1071	5	OWN	H1071	H1071	H1071G	Becher	Becher	A man of the tribe of Ephraim living at the time of Egypt and Wilderne	A man of the tribe of Benjamin living at the time of Egypt and Wildern		
H1083	3	OWN	H1083	H1083	H1083G	Bilgah	Bilgah	A man living at the time of Exile and Return, first mentioned at Neh.1	A man living at the time of Divided Monarchy, only mentioned at 1Ch.24		
H1092	4	OWN	H1092	H1092	H1092G	Bilhan	Bilhan	A man of the tribe of Benjamin living at the time of Divided Monarchy,	A man living at the time of the Patriarchs, first mentioned at Gen.36.		
H1100	27	OWN	H1100	H1100	H1100G	Belial	Belial	: worthless 1) worthlessness 1a) worthless, good for nothing, unprofit	A name like sa.tan (שָׂטָן "Satan" H7854)  This name means  worthless,		
H1101	42	AUTO	H1101a	H1101a	H1101A	to mix	to mix	1) to mix, mingle, confuse, confound 1a) (Qal) 1a1) to mingle, confuse	1) to mix, mingle, confuse, confound 1a) (Qal) 1a1) to mingle, confuse	a:0.93, b:0.00	a:0.98, b:0.00
H1106a	2	OWN	H1106a	H1106a	H1106A	Bela	Bela	A man of the tribe of Reuben  living at the time of Divided Monarchy, 	A man of the tribe of Benjamin living at the time of Egypt and Wildern		
H1109	60	AUTO	H1109a	H1109a	H1109A	Balaam	Balaam	A man living at the time of Egypt and Wilderness, first mentioned at N	A man living at the time of Egypt and Wilderness, first mentioned at N	a:1.00, b:0.00	a:1.00, b:1.00
H1121	4933	AUTO	H1121a	H1121a	H1121A	son: child	son: child	: child/son	: child/son	a:0.91, b:0.00	a:0.93, b:0.77
H1130	50	OWN	H1130	H1130	H1130G	Ben-hadad	Ben-hadad	A man living at the time of Divided Monarchy, first mentioned at 2Ki.1	A man living at the time of Divided Monarchy, first mentioned at 1Ki.1		
H1131	7	OWN	H1131	H1131	H1131G	Binnui	Binnui	A man living at the time of Exile and Return, first mentioned at Neh.8	A man living at the time of Exile and Return, first mentioned at Ezr.2		
H1133	2	OWN	H1133	H1133	H1133G	Ben-hur	Ben-hur	A man living at the time of United Monarchy, only mentioned at 1Ki.4.8	A man living at the time of United Monarchy, only mentioned at 1Ki.4.8		
H1137	15	OWN	H1137	H1137	H1137G	Bani	Bani	A man living at the time of Exile and Return, first mentioned at Ezr.2	A man living at the time of United Monarchy, only mentioned at 2Sa.23.		
H1138	3	OWN	H1138	H1138	H1138G	Bunni	Bunni	A man living at the time of Exile and Return, only mentioned at Neh.11	A man living at the time of Exile and Return, only mentioned at Neh.9.		
H1141	11	OWN	H1141	H1141	H1141G	Benaiah	Benaiah	A man living at the time of Exile and Return, first mentioned at Ezk.1	A man living at the time of United Monarchy, first mentioned at 2Sa.8.		
H1142	4	OWN	H1142	H1142	H1142G	Bene-jaakan	Bene-jaakan	Bene-jaakan = "sons of twisting"  an Israelite place of encampment in 	§ Bene-jaakan = "sons of twisting"  an Israelite place of encampment i		
H1144	166	OWN	H1144	H1144	H1144G	Benjamin	Benjamin	§ Benjamin = "son of the right hand"  a gate in Jerusalem	A man of the tribe of Benjamin  living at the time of the Patriarchs, 		
H1160	10	OWN	H1160	H1160	H1160G	Beor	Beor	A man living at the time of Egypt and Wilderness, first mentioned at N	A man living at the time of the Patriarchs, first mentioned at Gen.36.		
H1162	22	OWN	H1162	H1162	H1162G	Boaz	Boaz	§ Boaz = "fleetness"    name of the left of two brazen pillars, 18 cub	A man of the tribe of Judah living before Israel's Monarchy, first men		
H1166	16	OWN	H1166	H1166	H1166H	Married	rule: to rule	1) to marry, possess, own, rule over  1a) (Qal) 1a1) to marry, be lord	1) to rule over, possess, own 1a) (Qal) 1a1) to be lord over 1a2) to r		
H1167	83	OWN	H1167	H1167	H1167G	master	master	: [master_of](DESCRIPTOR) 1) owner, husband, lord 1a) owner 1b) a husb	: master/leader 1) owner, husband, lord 1a) owner 1b) a husband 1c) ci		
H1168a	3	OWN	H1168a	H1168a	H1168A	Baal	Baal	Baal = "lord"  n pr loc  a town of Simeon, probably identical to Baala	§ Baal = "lord"  esp. lord, specif. as divine name, Baal  supreme male		
H1168b	1	OWN	H1168b	H1168b	H1168B	Baal	Baal	Baal = "lord"  a town of Simeon, probably identical to Baalath-beer An	A man of the tribe of Benjamin living at the time of United Monarchy, 		
H1173	5	OWN	H1173	H1173	H1173G	(Mount) Baalah	(Mount) Baalah	Baalah = "mistress"  or Kirjath-baal; modern Kuriet el Enab Another na	§ Baalah = "mistress"		
H1177	10	OWN	H1177	H1177	H1177G	Baal-hanan	Baal-hanan	A man living at the time of Divided Monarchy, only mentioned at 1Ch.27	A man living at the time of the Patriarchs, first mentioned at Gen.36.		
H1195	2	OWN	H1195	H1195	H1195G	Baana	Baana	A man living at the time of Exile and Return, only mentioned at Neh.3.	A man living at the time of United Monarchy, only mentioned at 1Ki.4.1		
H1196	10	OWN	H1196	H1196	H1196G	Baanah	Baanah	A man living at the time of Exile and Return, only mentioned at Neh.10	A man living at the time of United Monarchy, first mentioned at 2Sa.4.		
H1197	58	AUTO	H1197a	H1197a	H1197A	to burn: burn	to burn: burn	: burn/ignite 1) to burn, consume, kindle, be kindled 1a) (Qal) 1a1) t	: burn/ignite 1) to burn, consume, kindle, be kindled 1a) (Qal) 1a1) t	a:0.60, b:0.00	a:0.72, b:0.00
H1197a	29	OWN	H1197a	H1197a	H1197A	to burn: burn	to burn: burn	: purge/remove 1) to burn, consume, kindle, be kindled 1a) (Qal) 1a1) 	: burn/ignite 1) to burn, consume, kindle, be kindled 1a) (Qal) 1a1) t		
H1209	3	OWN	H1209	H1209	H1209G	Bezai	Bezai	A man living at the time of Exile and Return, only mentioned at Neh.10	A man living at the time of Exile and Return, first mentioned at Ezr.2		
H1212	9	OWN	H1212	H1212	H1212G	Bezalel	Bezalel	A man living at the time of Exile and Return, only mentioned at Ezr.10	A man of the tribe of Judah living at the time of Egypt and Wilderness		
H1214	16	OWN	H1214	H1214	H1214G	to cut off	to cut off	: to end 1) to cut off, break off, gain by unrighteous violence, get, 	: to cut off 1) to cut off, break off, gain by unrighteous violence, g		
H1221	1	OWN	H1221	H1221	H1221G	Bezer	Bezer	A man of the tribe of Asher living at the time of Divided Monarchy, on	Bezer = "gold ore" or "remote fortress"   a city of refuge in Reuben i		
H1224	8	OWN	H1224	H1224	H1224G	Bozrah	Bozrah	Bozrah = "sheepfold" or "fortress"   a town in Moab Another name of be	§ Bozrah = "sheepfold" or "fortress"   a town in Edom		
H1231	5	OWN	H1231	H1231	H1231G	Bukki	Bukki	A man of the tribe of Levi living at the time of Divided Monarchy, fir	A man living at the time of Egypt and Wilderness, only mentioned at Nu		
H1237	21	OWN	H1237	H1237	H1237K	Valley (of Jericho)	valley	1) valley 2) plain, level valley Aramaic equivalent: biq.a (בִּקְעָא "	1) valley 2) plain, level valley Aramaic equivalent: biq.a (בִּקְעָא "		
H1238	8	OVERRIDE	H1238a	H1238b	H1238B	be luxuriant	to empty	to be luxuriant	1) to empty 1a) (Qal) 1a1) to empty, lay waste 1a2) to make void (fig.	a:0.00, b:0.00	a:0.00, b:0.75
H1250	13	AUTO	H1250a	H1250a	H1250A	grain	grain	corn, grain	corn, grain	a:0.85, b:0.00	a:0.85, b:0.00
H1254	48	AUTO	H1254a	H1254a	H1254A	to create	to create	1) to create, shape, form 1a) (Qal) to shape, fashion, create (always 	1) to create, shape, form 1a) (Qal) to shape, fashion, create (always 	a:0.88, b:0.00	a:0.88, b:0.00
H1260	1	OWN	H1260	H1260	H1260G	Bered	Bered	A man of the tribe of Ephraim living at the time of Egypt and Wilderne	§ Bered = "hail"   a place in the south of Palestine, near Kadesh, nea		
H1263	26	OWN	H1263	H1263	H1263G	Baruch	Baruch	A man living at the time of Divided Monarchy, first mentioned at Jer.3	A man living at the time of Exile and Return, only mentioned at Neh.3.		
H1268	1	AUTO	H1268a	H1268a	H1268A	Berothah	Berothah	§ Berothah or Berothai = "cypress grove"  a place near Hamath	§ Berothah or Berothai = "cypress grove"  a place near Hamath	a:1.00, b:0.00	a:1.00, b:1.00
H1271	12	OWN	H1271	H1271	H1271G	Barzillai	Barzillai	A man living at the time of Exile and Return, first mentioned at Ezr.2	A man living at the time of United Monarchy, first mentioned at 2Sa.17		
H1283	11	OWN	H1283	H1283	H1283G	Beriah	Beriah	A man of the tribe of Levi living at the time of Egypt and Wilderness,	A man of the tribe of Asher living at the time of Egypt and Wilderness		
H1294	2	OWN	H1294	H1294	H1294G	Beracah	Beracah	Berachah = "blessing"  a valley in the wilderness near Tekoa where Jeh	A man living at the time of Divided Monarchy, only mentioned at 1Ch.12		
H1295	17	OWN	H1295	H1295	H1295H	(Shelah) Pool	pool	pool, pond	pool, pond		
H1296	7	OWN	H1296	H1296	H1296G	Berechiah	Berechiah	A man living at the time of Exile and Return, first mentioned at Zec.1	A man of the tribe of Judah living at the time of Divided Monarchy, on		
H1300	21	AUTO	H1300a	H1300a	H1300A	to use lightning	to use lightning	to flash (with lightning)	to flash (with lightning)	a:0.81, b:0.81	a:0.91, b:0.91
H1315	7	OWN	H1315	H1315	H1315G	Basemath	Basemath	A woman of the Arabs living at the time of the Patriarchs, first menti	A woman of the tribe of Judah living at the time of United Monarchy, o		
H1323	587	OWN	H1323	H1323	H1323G	daughter	daughter	A woman living at the time of the Patriarchs, first mentioned at Gen.3	: daughter 1) daughter 1a) daughter, girl, adopted daughter, daughter-		
H1350	103	AUTO	H1350a	H1350a	H1350A	to redeem: redeem	to redeem: redeem	: redeem 1) to redeem, act as kinsman-redeemer, avenge, revenge, ranso	: redeem 1) to redeem, act as kinsman-redeemer, avenge, revenge, ranso	a:0.57, b:0.00	a:0.85, b:0.00
H1350a	1	OWN	H1350a	H1350a	H1350A	to redeem: redeem	to redeem: redeem	: relative 1) to redeem, act as kinsman-redeemer, avenge, revenge, ran	: redeem 1) to redeem, act as kinsman-redeemer, avenge, revenge, ranso		
H1356	3	AUTO	H1356a	H1356a	H1356A	cistern	cistern	pit, trench, ditch,	pit, trench, ditch,	a:0.33, b:0.00	a:1.00, b:0.00
H1366	240	OWN	H1366	H1366	H1366G	border: boundary	border: boundary	: area 1) border, territory 1a) border 1b) territory (enclosed within 	: boundary 1) border, territory 1a) border 1b) territory (enclosed wit		
H1387	19	OWN	H1387	H1387	H1387G	Geba	Geba	Gaba or Geba or Gibeah = "hill"  a city in Benjamin, modern 'Jeba', wh	§ Gaba or Geba or Gibeah = "hill"  a city in Benjamin, modern 'Jeba', 		
H1389	71	OWN	H1389	H1389	H1389I	Gibeath-(elohim)	hill	This name means  hill  Another spelling of giv.ah (גִּבְעָה "Gibeah" H	1) hill 1a) hill (lower than a mountain) 1b) as a place of illicit wor		
H1390	43	OWN	H1390	H1390	H1390G	Gibeah	Gibeah	§ Gibeah = "hill"  a city of Benjamin, birthplace of king Saul	§ Gibeah = "hill"   a city in the mountain district of Judah		
H1410	72	OWN	H1410	H1410	H1410G	Gad	Gad	Combined with di.von (דִּיבֹן, דִּימוֹן "Dibon" H1769)  § Gad = "troop	A man of the tribe of Gad  living at the time of the Patriarchs, first		
H1419	525	AUTO	H1419a	H1419a	H1419A	great: large	great: large	adj 1) great 1a) large (in magnitude and extent) 1b) in number 1c) in 	adj 1) great 1a) large (in magnitude and extent) 1b) in number 1c) in 	a:0.76, b:0.00	a:0.83, b:0.69
H1430	3	AUTO	H1430a	H1430a	H1430A	stack	stack	heap, stack, pile	heap, stack, pile	a:0.67, b:0.00	a:0.67, b:0.00
H1435	4	OWN	H1435	H1435	H1435G	Giddel	Giddel	A man living at the time of Exile and Return, first mentioned at Ezr.2	A man living at the time of Exile and Return, first mentioned at Ezr.2		
H1436a	26	OWN	H1436a	H1436a	H1436A	Gedaliah	Gedaliah	A man living at the time of Divided Monarchy, only mentioned at Zep.1.	A man living at the time of Exile and Return, only mentioned at Ezr.10		
H1446	4	OWN	H1446	H1446	H1446G	Gedor	Gedor	A man of the tribe of Benjamin living at the time of United Monarchy, 	Gedor = "wall"   a town in the mountainous part of Judah a few miles n		
H1460	6	AUTO	H1460a	H1460a	H1460A	back	back	the back, back	the back, back	a:1.00, b:0.00	a:1.00, b:0.00
H1463	10	OWN	H1463	H1463	H1463G	Gog	Gog	Gog = "mountain"   the land of Rosh, Meshech and Tubal, and Magog Also	A man of the tribe of Reuben  living at the time of Egypt and Wilderne		
H1471	555	AUTO	H1471a	H1471a	H1471A	nation	nation	1) nation, people 1a) nation, people 1a1) usually of non-Hebrew people	1) nation, people 1a) nation, people 1a1) usually of non-Hebrew people	a:0.99, b:0.00	a:1.00, b:0.01
H1471a	3	OWN	H1471a	H1471a	H1471A	nation	nation	Goyim (Tidgal, king of) Combined with cha.ro.shet (חֲרֹ֫שֶׁת "Haroshet	1) nation, people 1a) nation, people 1a1) usually of non-Hebrew people		
H1476	4	OWN	H1476	H1476	H1476G	Guni	Guni	A man of the tribe of Gad  living at the time of Divided Monarchy, onl	A man of the tribe of Naphtali living at the time of Egypt and Wildern		
H1481	83	CURATE	H1481a	H1481a	H1481A	to sojourn	to sojourn	1) to sojourn, abide, dwell in, dwell with, remain, inhabit, be a stra	1) to sojourn, abide, dwell in, dwell with, remain, inhabit, be a stra	a:0.22, b:0.00, c:0.00	a:0.40, b:0.00, c:0.00
H1495	2	OWN	H1495	H1495	H1495G	Gazez	Gazez	A man of the tribe of Judah living at the time of Divided Monarchy, fi	A man of the tribe of Judah living at the time of Egypt and Wilderness		
H1516	34	OWN	H1516	H1516	H1516R	Valley	valley	valley, a steep valley, narrow gorge Another name of to.phet (תֹּ֫פֶת 	valley, a steep valley, narrow gorge		
H1524	8	NO_SIGNAL	H1524a	H1524a	H1524A	rejoicing	rejoicing	a rejoicing	a rejoicing	a:0.00, b:0.00	a:0.00, b:0.00
H1530	18	OWN	H1530	H1530	H1530G	heap	heap	: wave 1) heap, spring, wave, billow 1a) heap (of stones) 1a1) over de	: heap/pile 1) heap, spring, wave, billow 1a) heap (of stones) 1a1) ov		
H1533	8	OWN	H1533	H1533	H1533G	Gilboa	Gilboa	Gilboa = "swollen heap"  a mountain-ridge at the southeastern end of t	§ Gilboa = "swollen heap"  a mountain-ridge at the southeastern end of		
H1537	40	OWN	H1537	H1537	H1537G	Gilgal	Gilgal	Gilgal = "a wheel, rolling"  a region conquered by Joshua, site unsure	§ Gilgal = "a wheel, rolling"   the first site of an Israelite camp we		
H1540	187	OWN	H1540	H1540	H1540H	Heglam	to reveal: reveal	: remove/exile 1) to uncover, remove 1a) (Qal) 1a1) to uncover 1a2) to	: reveal[information] 1) to uncover, remove 1a) (Qal) 1a1) to uncover 		
H1550	4	CURATE	H1550a	H1550a	H1550A	turned	turned	adj  turning, folding (of doors)	adj  turning, folding (of doors)	a:0.00, b:0.00	a:0.50, b:0.25
H1559	3	OWN	H1559	H1559	H1559G	Galal	Galal	A man of the tribe of Levi  living at the time of Exile and Return, fi	A man of the tribe of Levi  living at the time of Exile and Return, on		
H1568	102	OWN	H1568	H1568	H1568G	Gilead	Gilead	Gilead = "rocky region"   a mountainous region bounded on the west by 	Gilead = "rocky region"   a mountainous region bounded on the west by 		
H1586	5	OWN	H1586	H1586	H1586G	Gomer	Gomer	A woman living at the time of Divided Monarchy, only mentioned at Hos.	A man living at the time of the Patriarchs, first mentioned at Gen.10.		
H1587	1	OWN	H1587	H1587	H1587G	Gemariah	Gemariah	A man living at the time of Divided Monarchy, first mentioned at Jer.3	A man of the tribe of Levi living at the time of Divided Monarchy, onl		
H1588	41	OWN	H1588	H1588	H1588M	Garden (of Uzza)	garden	1) garden, enclosure 1a) enclosed garden 1a1) (fig. of a bride) 1b) ga	1) garden, enclosure 1a) enclosed garden 1a1) (fig. of a bride) 1b) ga		
H1617	9	OWN	H1617	H1617	H1617G	Gera	Gera	A man of the tribe of Benjamin living before Israel's Monarchy, only m	A man of the tribe of Benjamin living at the time of Egypt and Wildern		
H1619	2	OWN	H1619	H1619	H1619G	Gareb	Gareb	§ Gareb = "scabby"  a hill near Jerusalem, apparently southwest	A man living at the time of United Monarchy, first mentioned at 2Sa.23		
H1633	2	AUTO	H1633a	H1633b	H1633B	to reserve	to break bones	1) to cut off, reserve, lay aside, leave, save 1a) (Qal) to reserve	(Piel) to break bones, gnaw bones, break	a:0.00, b:0.50	a:0.00, b:1.00
H1644	44	OWN	H1644	H1644	H1644G	to drive out: drive out	to drive out: drive out	: divorce 1) to drive out, expel, cast out, drive away, divorce, put a	: drive out 1) to drive out, expel, cast out, drive away, divorce, put		
H1647	17	OWN	H1647	H1647	H1647G	Gershom	Gershom	A man living at the time of Exile and Return, only mentioned at Ezr.8.	A man of the tribe of Levi living at the time of Egypt and Wilderness,		
H1657	15	OWN	H1657	H1657	H1657G	Goshen	Goshen	§ Goshen = "drawing near"   1) a district in southern Palestine betwee	§ Goshen = "drawing near"   a region in northern Egypt, east of the lo		
H1667	8	OWN	H1667	H1667	H1667G	Gath-rimmon	Gath-rimmon	Gath-rimmon = "winepress of the pomegranate"  a town of the half tribe	§ Gath-rimmon = "winepress of the pomegranate"   a city given out of t		
H1683	10	OWN	H1683	H1683	H1683G	Deborah	Deborah	A woman living before Israel's Monarchy, first mentioned at Jdg.4.4; m	A judge living at the time of the Patriarchs, only mentioned at Gen.35		
H1688a	1	OWN	H1688a	H1688a	H1688A	Debir	Debir	A man living before Israel's Monarchy, only mentioned at Jos.10.3  § L	Debir = "sanctuary"   a town in the mountains of Judah west of Hebron 		
H1696	1136	OWN	H1696	H1696	H1696G	to speak: speak	to speak: speak	: promise/declare 1) to speak, declare, converse, command, promise, wa	: speak/tell/command 1) to speak, declare, converse, command, promise,		
H1697	1441	OWN	H1697	H1697	H1697G	word	word	This name means  word, speaking	: word/speech/command 1) speech, word, speaking, thing 1a) speech 1b) 		
H1699	2	AUTO	H1699a	H1699a	H1699A	pasture	pasture	pasture	pasture	a:1.00, b:0.00	a:1.00, b:0.00
H1709	19	OWN	H1709	H1709	H1709H	Fish (Gate)	fish	fish	fish		
H1713	1	OVERRIDE	H1713a	H1713b	H1713B	to look	to set a banner	1) to look, behold 1a) (Qal) looked at, conspicuous (participle)	1) to carry a banner or standard, set up banner or standard 1a)(Qal) t	a:0.00, b:0.00	a:0.00, b:0.00
H1730	61	OWN	H1730	H1730	H1730G	beloved	beloved	: male_relative 1) beloved, love, uncle 1a) loved one, beloved 1b) unc	: beloved 1) beloved, love, uncle 1a) loved one, beloved 1b) uncle 1c)		
H1734	5	OWN	H1734	H1734	H1734G	Dodo	Dodo	A man living at the time of United Monarchy, first mentioned at 2Sa.23	A man living before Israel's Monarchy, only mentioned at Jdg.10.1;   f		
H1746	3	OWN	H1746	H1746	H1746G	Dumah	Dumah	§ Dumah = "silence"  a mystical name of Edom indicating death and ruin	A man of the Arabs living at the time of the Patriarchs, first mention		
H1754	1	AUTO	H1754a	H1754a	H1754A	circle	circle	1) circle, ball 1a) circle 1b) ball	1) circle, ball 1a) circle 1b) ball	a:1.00, b:0.00	a:1.00, b:1.00
H1769	11	OWN	H1769	H1769	H1769G	Dibon	Dibon	Dibon = "wasting"   a town in Moab on the east side of the Jordan whic	§ Dibon = "wasting"   a town in Moab on the east side of the Jordan wh		
H1787	7	OWN	H1787	H1787	H1787G	Dishon	Dishon	A man living at the time of the Patriarchs, first mentioned at Gen.36.	A man living at the time of the Patriarchs, first mentioned at Gen.36.		
H1789	5	OWN	H1789	H1789	H1789G	Dishan	Dishan	A man living at the time of the Patriarchs, first mentioned at Gen.36.	A man living at the time of the Patriarchs, first mentioned at Gen.36.		
H1793	3	CURATE	H1793a	H1793a	H1793A	contrite	contrite	adj  contrite	adj  contrite	a:0.33, b:0.33	a:0.33, b:0.33
H1803	2	CURATE	H1803a	H1803a	H1803A	hair	hair	hair, threads, thrum (threads of warp hanging in loom)	hair, threads, thrum (threads of warp hanging in loom)	a:0.00, b:0.00	a:0.50, b:0.00
H1806	4	OWN	H1806	H1806	H1806G	Delaiah	Delaiah	A man living at the time of Divided Monarchy, first mentioned at Jer.3	A man of the tribe of Judah living at the time of Divided Monarchy, on		
H1826	26	AUTO	H1826a	H1826a	H1826A	to silence: stationary	to silence: stationary	: stationary 1) to be silent, be still, wait, be dumb, grow dumb 1a) (	: stationary 1) to be silent, be still, wait, be dumb, grow dumb 1a) (	a:0.42, b:0.00	a:0.77, b:0.00
H1826a	1	OWN	H1826a	H1826a	H1826A	to silence: stationary	to silence: stationary	: destroyed 1) to be silent, be still, wait, be dumb, grow dumb 1a) (Q	: stationary 1) to be silent, be still, wait, be dumb, grow dumb 1a) (		
H1835	69	OWN	H1835	H1835	H1835G	Dan	Dan	A man of the tribe of Dan  living at the time of the Patriarchs, first	§ Dan = "a judge"  1) the territory of the tribe of Dan 2) a city in D		
H1840	29	OWN	H1840	H1840	H1840G	Daniel	Daniel	A man of the tribe of Judah living at the time of United Monarchy, fir	A prophet living at the time of Exile and Return, first mentioned at E		
H1841	52	OWN	H1841	H1841	H1841G	Daniel	Daniel	A prophet living at the time of Exile and Return, first mentioned at E	A man living at the time of Exile and Return, first mentioned at Ezr.8		
H1867	10	OWN	H1867	H1867	H1867G	Darius	Darius	A man living at the time of Exile and Return, first mentioned at Dan.5	A man living at the time of Exile and Return, only mentioned at Neh.12		
H1868	15	OWN	H1868	H1868	H1868G	Darius	Darius	A man living at the time of Exile and Return, first mentioned at Dan.5	A man living at the time of Exile and Return, first mentioned at Ezr.4		
H1870	706	OWN	H1870	H1870	H1870G	way: conduct	way: conduct	: journey 1) way, road, distance, journey, manner 1a) road, way, path 	: conduct/lifestyle 1) way, road, distance, journey, manner 1a) road, 		
H1888	1	NO_SIGNAL	H1888a	H1888a	H1888A	behold	behold	behold!, lo! Aramaic of he (הֵא "behold" H1887)	behold!, lo! Aramaic of he (הֵא "behold" H1887)	a:0.00, b:0.00	a:0.00, b:0.00
H1902	4	OWN	H1902	H1902	H1902H	Higgaion	meditation	1) meditation, resounding music, musing 1a) resounding music 1b) medit	1) meditation, resounding music, musing 1a) resounding music 1b) medit		
H1908	12	OWN	H1908	H1908	H1908G	Hadad	Hadad	A man of the Egyptians living at the time of United Monarchy, first me	A man living at the time of the Patriarchs, first mentioned at Gen.36.		
H1933	1	AUTO	H1933a	H1933a	H1933A	to fall	to fall	1) Qal) 1a) to fall	1) Qal) 1a) to fall	a:1.00, b:0.00	a:1.00, b:0.00
H1938	3	OWN	H1938	H1938	H1938G	Hodaviah	Hodaviah	A man living at the time of Exile and Return, first mentioned at Ezr.2	A man of the tribe of Judah living at the time of Divided Monarchy, on		
H1941	6	OWN	H1941	H1941	H1941G	Hodiah	Hodiah	A man living at the time of Exile and Return, only mentioned at Neh.10	A man living at the time of Exile and Return, first mentioned at Neh.8		
H1954	16	OWN	H1954	H1954	H1954G	Hoshea	Hoshea	A man of the tribe of Ephraim living at the time of Egypt and Wilderne	A king of the Kingdom of Israel, living at the time of Divided Monarch		
H1955	3	OWN	H1955	H1955	H1955G	Hoshaiah	Hoshaiah	A man living at the time of Divided Monarchy, first mentioned at Jer.4	A man living at the time of Exile and Return, only mentioned at Neh.12		
H1964	80	OWN	H1964	H1964	H1964G	temple	temple	: nave/hallway 1) palace, temple, nave, sanctuary 1a) palace 1b) templ	: temple 1) palace, temple, nave, sanctuary 1a) palace 1b) temple (pal		
H1965	13	OWN	H1965	H1965	H1965G	temple	temple	: palace 1) palace, temple 1a) palace 1b) temple (in Jerusalem) 1c) te	: temple 1) palace, temple 1a) palace 1b) temple (in Jerusalem) 1c) te		
H1968	17	OWN	H1968	H1968	H1968G	Heman	Heman	A man of the tribe of Levi living at the time of United Monarchy, firs	A man living at the time of United Monarchy, first mentioned at 1Ki.4.		
H1980	1547	OWN	H1980	H1980	H1980G	to go: went	to go: went	: send/drive(OBJECT) 1) to go, walk, come 1a) (Qal) 1a1) to go, walk, 	: went/go[away] 1) to go, walk, come 1a) (Qal) 1a1) to go, walk, come,		
H1984	4	CURATE	H1984a	H1984a	H1984A	to shine	to shine	1) to shine 1a) (Qal) to shine (fig. of God's favour) 1b) (Hiphil) to 	1) to shine 1a) (Qal) to shine (fig. of God's favour) 1b) (Hiphil) to 	a:0.00, b:0.00, c:0.00	a:0.25, b:0.00, c:0.00
H1984b	15	OWN	H1984b	H1984b	H1984B	to boast: praise	to boast: praise	: rave_madly 1) to praise, boast, be boastful 1a) (Qal) 1a1) to be boa	: praise 1) to praise, boast, be boastful 1a) (Qal) 1a1) to be boastfu		
H1995	83	CURATE	H1995a	H1995a	H1995A	crowd	crowd	1) murmur, roar, crowd, abundance, tumult, sound 1a) sound, murmur, ru	1) murmur, roar, crowd, abundance, tumult, sound 1a) sound, murmur, ru	a:0.01, b:0.01	a:0.63, b:0.01
H2006	16	AUTO	H2006a	H2006a	H2006A	if	if	behold, if, whether Aramaic of hen (הֵן "look!" H2005)	behold, if, whether Aramaic of hen (הֵן "look!" H2005)	a:0.75, b:0.00	a:0.81, b:0.00
H2022	558	OWN	H2022	H2022	H2022G	mountain: mount	mountain: mount	: hill_country  hill, mountain, hill country, mount A sub-meaning of h	: mount/hill  hill, mountain, hill country, mount		
H2023	12	OWN	H2023	H2023	H2023G	(Mount) Hor	(Mount) Hor	§ Hor = "mountain"   the mountain named as one of the marks of the nor	§ Hor = "mountain"   the mountain on which Aaron died; situated on the		
H2028	5	OWN	H2028	H2028	H2028H	(Topheth of) Slaughter	slaughter	a killing, slaughter	a killing, slaughter		
H2039	7	OWN	H2039	H2039	H2039G	Haran	Haran	A man living at the time of Divided Monarchy, only mentioned at 1Ch.23	A man living at the time of the Patriarchs, first mentioned at Gen.11.		
H2048	1	AUTO	H2048a	H2048a	H2048A	to mock	to mock	(Piel) to mock	(Piel) to mock	a:1.00, b:0.00	a:1.00, b:0.00
H2066	8	OWN	H2066	H2066	H2066G	Zabad	Zabad	A man of the Ammonites living at the time of Divided Monarchy, first m	A man of the tribe of Judah living at the time of Divided Monarchy, fi		
H2067	6	OWN	H2067	H2067	H2067G	Zabdi	Zabdi	A man of the tribe of Levi  living at the time of Exile and Return, fi	A man of the tribe of Judah living before Israel's Monarchy, first men		
H2068	2	OWN	H2068	H2068	H2068G	Zabdiel	Zabdiel	A man living at the time of Exile and Return, only mentioned at Neh.11	A man living at the time of United Monarchy, only mentioned at 1Ch.27.		
H2069	6	OWN	H2069	H2069	H2069G	Zebadiah	Zebadiah	A man living at the time of Exile and Return, only mentioned at Ezr.10	A man of the tribe of Benjamin  living at the time of Egypt and Wilder		
H2079	1	OWN	H2079	H2079	H2079G	Zabbai	Zabbai	A man living at the time of Exile and Return, only mentioned at Neh.3.	A man living at the time of Exile and Return, only mentioned at Ezr.10		
H2094	1	AUTO	H2094a	H2094a	H2094A	to shine	to shine	1) to shine, send out light, be light, be shining 1a) (Hiphil) to shin	1) to shine, send out light, be light, be shining 1a) (Hiphil) to shin	a:1.00, b:0.00	a:1.00, b:0.00
H2100	42	OWN	H2100	H2100	H2100G	to flow: flowing	to flow: flowing	: waste_away 1) to flow, gush, issue, discharge 1a) (Qal) 1a1) to flow	: flowing 1) to flow, gush, issue, discharge 1a) (Qal) 1a1) to flow, g		
H2114	6	AUTO	H2114a	H2114a	H2114A	be a stranger	be a stranger	1) to be strange, be a stranger 1a) (Qal) 1a1) to become estranged 1a2	1) to be strange, be a stranger 1a) (Qal) 1a1) to become estranged 1a2	a:0.17, b:0.00	a:0.50, b:0.00
H2119	2	AUTO	H2119a	H2119a	H2119A	to crawl	to crawl	1) to shrink back, crawl away 1a) (Qal) crawling, creeping (participle	1) to shrink back, crawl away 1a) (Qal) crawling, creeping (participle	a:1.00, b:0.00	a:1.00, b:0.00
H2123	2	AUTO	H2123a	H2123a	H2123A	creature	creature	moving creatures, moving things	moving creatures, moving things	a:1.00, b:0.00	a:1.00, b:0.00
H2124	2	OWN	H2124	H2124	H2124G	Ziza	Ziza	A man of the tribe of Judah living at the time of Divided Monarchy, on	A man of the tribe of Simeon(?) living at the time of Divided Monarchy		
H2128	9	OWN	H2128	H2128	H2128G	Ziph	Ziph	A man of the tribe of Judah  living at the time of Divided Monarchy, o	§ Ziph = "battlement"  a city in southern Judah, between Ithnan and Te		
H2131	2	CURATE	H2131a	H2131a	H2131A	missile	missile	spark, missile, firebrand, flaming arrow	spark, missile, firebrand, flaming arrow	a:0.00, b:0.00	a:0.50, b:0.00
H2132	38	OWN	H2132	H2132	H2132H	(Mount of) Olives	olive	1) olive, olive tree 1a) olive tree 1b) olives 2) mountain facing Jeru	1) olive, olive tree 1a) olive tree 1b) olives 2) mountain facing Jeru		
H2139	10	OWN	H2139	H2139	H2139G	Zaccur	Zaccur	A man living at the time of Exile and Return, only mentioned at Neh.13	A man living at the time of Egypt and Wilderness, only mentioned at Nu		
H2147	12	OWN	H2147	H2147	H2147G	Zichri	Zichri	A man living at the time of Exile and Return, only mentioned at Neh.12	A man of the tribe of Levi living at the time of Egypt and Wilderness,		
H2148a	2	OWN	H2148a	H2148a	H2148A	Zechariah	Zechariah	A man living at the time of Exile and Return, only mentioned at Neh.12	A man of the tribe of Levi  living at the time of Exile and Return, fi		
H2151	8	OVERRIDE	H2151a	H2151b	H2151B	to shake	be vile	1) (Qal) to shake, tremble, quake 1a) (Niphal) to shake, quake	1) to be worthless, be vile, be insignificant, be light 1a) (Qal) 1a1)	a:0.00, b:0.00	a:0.00, b:0.12
H2155	3	OWN	H2155	H2155	H2155G	Zimmah	Zimmah	A man living at the time of Divided Monarchy, only mentioned at 2Ch.29	A man of the tribe of Levi living at the time of Divided Monarchy, fir		
H2174a	1	OWN	H2174a	H2174a	H2174A	Zimri	Zimri	A man of the tribe of Judah living before Israel's Monarchy, first men	A king of the Kingdom of Israel, living at the time of Divided Monarch		
H2182	4	OWN	H2182	H2182	H2182G	Zanoah	Zanoah	§ Zanoah = "cast off"    a city in the mountains of Judah, perhaps sou	§ Zanoah = "cast off"   a city in the low country of Judah		
H2186	19	AUTO	H2186a	H2186a	H2186A	to reject	to reject	1) to cast off, reject, spurn 1a) (Qal) to reject 1b) (Hiphil) to forc	1) to cast off, reject, spurn 1a) (Qal) to reject 1b) (Hiphil) to forc	a:0.84, b:0.00	a:0.90, b:0.00
H2205	178	OWN	H2205	H2205	H2205G	old: elder	old: elder	: old 1) old 1a) old (of humans) 1b) elder (of those having authority)	: elder/leader 1) old 1a) old (of humans) 1b) elder (of those having a		
H2222	1	NO_SIGNAL	H2222a	H2222a	H2222A	to drip	to drip	v 1) drip 1a) (Hiph) to cause to drip	v 1) drip 1a) (Hiph) to cause to drip	a:0.00, b:0.00	a:0.00, b:0.00
H2226	21	OWN	H2226	H2226	H2226G	Zerah	Zerah	A man of the tribe of Simeon living at the time of Egypt and Wildernes	A man living at the time of the Patriarchs, first mentioned at Gen.36.		
H2228	5	OWN	H2228	H2228	H2228G	Zerahiah	Zerahiah	A man living at the time of Exile and Return, only mentioned at Ezr.8.	A man of the tribe of Levi living at the time of Divided Monarchy, fir		
H2233	229	OWN	H2233	H2233	H2233G	seed	seed	: semen 1) seed, sowing, offspring 1a) a sowing 1b) seed 1c) semen vir	: seed/sowing 1) seed, sowing, offspring 1a) a sowing 1b) seed 1c) sem		
H2240	4	OWN	H2240	H2240	H2240G	Zattu	Zattu	A man living at the time of Exile and Return, only mentioned at Neh.10	A man living at the time of Exile and Return, first mentioned at Ezr.2		
H2254	12	AUTO	H2254a	H2254a	H2254A	to pledge	to pledge	1) to bind 1a) (Qal) 1a1) to bind 2) to take a pledge, lay to pledge 2	1) to bind 1a) (Qal) 1a1) to bind 2) to take a pledge, lay to pledge 2	a:0.42, b:0.00, c:0.00	a:1.00, b:0.00, c:0.00
H2256	48	AUTO	H2256a	H2256a	H2256M	Mahalab	cord	This name means a cord, territory, region Another name of ach.lav (אַח	1) a cord, rope, territory, band, company 1a) a rope, cord 1b) a measu	a:0.29, b:0.00, c:0.00, d:0.00	a:0.90, b:0.00, c:0.00, d:0.00
H2256a	2	OWN	H2256a	H2256a	H2256M	Mahalab	cord	1) a cord, rope, territory, band, company 1a) a rope, cord 1b) a measu	1) a cord, rope, territory, band, company 1a) a rope, cord 1b) a measu		
H2268	11	OWN	H2268	H2268	H2268G	Heber	Heber	A man of the tribe of Benjamin  living at the time of Divided Monarchy	A man of the tribe of Asher living at the time of Egypt and Wilderness		
H2275a	9	OWN	H2275a	H2275a	H2275A	Hebron	Hebron	Hebron = "association"   Combined with e.meq (עֵ֫מֶק " Valley" H6010K)	Hebron = "association"  a city in south Judah approx 20 south of Jerus		
H2286	2	AUTO	H2286a	H2286a	H2286A	Hagaba	Hagaba	Hagaba or Hagabah = "locust"  head of a family of exiles who returned 	Hagaba or Hagabah = "locust"  head of a family of exiles who returned 	a:0.50, b:0.50	a:1.00, b:1.00
H2300	6	OVERRIDE	H2300a	H2300b	H2300B	be sharp	to sharpen	1) to be sharp, be alert, be keen 1a) (Qal) to be sharp, be keen 1b) (	1) to be or to grow sharp 1a) (Qal) to grow sharp 1b) (Hiphil) to shar	a:0.00, b:0.83	a:0.83, b:0.83
H2319	53	OWN	H2319	H2319	H2319H	New (Gate)	new	new, new thing, fresh Aramaic equivalent: cha.dat (חֲדַ֑ת "new" H2323)	new, new thing, fresh Aramaic equivalent: cha.dat (חֲדַ֑ת "new" H2323)		
H2320	283	OWN	H2320	H2320	H2320G	month	month	: new_moon 1) the new moon, month, monthly 1a) the first day of the mo	: month 1) the new moon, month, monthly 1a) the first day of the month		
H2341	7	OWN	H2341	H2341	H2341G	Havilah	Havilah	§ Havilah = "circle"   a district in Arabia of the Ishmaelites named f	§ Havilah = "circle"   a part of Eden through which flowed the river P		
H2342	10	AUTO	H2342a	H2342a	H2342A	to twist: tremble	to twist: tremble	: tremble/fear 1) to twist, whirl, dance, writhe, fear, tremble, trava	: tremble/fear 1) to twist, whirl, dance, writhe, fear, tremble, trava	a:0.10, b:0.00	a:0.40, b:0.00
H2342a	45	OWN	H2342a	H2342a	H2342A	to twist: tremble	to twist: tremble	: wait_anxiously 1) to twist, whirl, dance, writhe, fear, tremble, tra	: tremble/fear 1) to twist, whirl, dance, writhe, fear, tremble, trava		
H2346	133	OWN	H2346	H2346	H2346G	wall	wall	wall Combined with ra.chav (רָחָב "Broad" H7342)	wall		
H2354	15	OWN	H2354	H2354	H2354G	Hur	Hur	A man living at the time of Exile and Return, only mentioned at Neh.3.	A man of the tribe of Judah living at the time of Egypt and Wilderness		
H2361	11	OWN	H2361	H2361	H2361G	Hiram	Hiram	A man living at the time of United Monarchy, first mentioned at 1Ki.7.	A man living at the time of United Monarchy, first mentioned at 2Sa.5.		
H2363	17	AUTO	H2363a	H2363a	H2363A	to hasten	to hasten	1) to haste, make haste, hurry 1a) (Qal) to make haste 1b) (Hiphil) 1b	1) to haste, make haste, hurry 1a) (Qal) to make haste 1b) (Hiphil) 1b	a:0.29, b:0.00	a:0.88, b:0.00
H2369	2	OWN	H2369	H2369	H2369G	Hotham	Hotham	A man living at the time of Divided Monarchy, only mentioned at 1Ch.11	A man of the tribe of Asher living before Israel's Monarchy, first men		
H2387	2	OWN	H2387	H2387	H2387G	Hezir	Hezir	A man living at the time of Exile and Return, only mentioned at Neh.10	A man living at the time of Divided Monarchy, only mentioned at 1Ch.24		
H2388	290	OWN	H2388	H2388	H2388G	to strengthen: strengthen	to strengthen: strengthen	: persevere 1) to strengthen, prevail, harden, be strong, become stron	: strengthen/support/encourage 1) to strengthen, prevail, harden, be s		
H2396	13	OWN	H2396	H2396	H2396G	Hezekiah	Hezekiah	A man living at the time of Divided Monarchy, only mentioned at Zep.1.	A king of the tribe of Judah living at the time of Divided Monarchy, f		
H2407	5	OWN	H2407	H2407	H2407G	Hattush	Hattush	A man living at the time of Exile and Return, first mentioned at Neh.1	A man of the tribe of Judah living at the time of Divided Monarchy, on		
H2416	267	CURATE	H2416a	H2416a	H2416A	alive	alive	adj 1) living, alive 1a) green (of vegetation) 1b) flowing, fresh (of 	adj 1) living, alive 1a) green (of vegetation) 1b) flowing, fresh (of 	a:0.06, b:0.00, c:0.45, d:0.00, e:0.47	a:0.51, b:0.00, c:0.92, d:0.00, e:0.47
H2428	245	OWN	H2428	H2428	H2428H	strength: soldiers	strength: rich	: worthy 1) strength, might, efficiency, wealth, army 1a) strength 1b)	: rich/wealth 1) strength, might, efficiency, wealth, army 1a) strengt		
H2428a	1	OWN	H2428a	H2428a	H2428A	strength: soldiers	strength: soldiers	: strong 1) strength, might, efficiency, wealth, army 1a) strength 1b)	: soldiers/army 1) strength, might, efficiency, wealth, army 1a) stren		
H2436	38	OWN	H2436	H2436	H2436G	bosom: embrace	bosom: embrace	: secret  bosom, hollow, bottom, midst A sub-meaning of cheq (חֵיק ": 	: embrace/chest  bosom, hollow, bottom, midst		
H2438	22	OWN	H2438	H2438	H2438G	Hiram	Hiram	A man living at the time of United Monarchy, first mentioned at 1Ki.7.	A man living at the time of United Monarchy, first mentioned at 2Sa.5.		
H2453	2	OWN	H2453	H2453	H2453G	Hachmonite	Hachmonite	A man living at the time of Divided Monarchy, only mentioned at 1Ch.27	Someone descended from Hachmon or Tahchemon(?), first mentioned at 2Sa		
H2469	2	OWN	H2469	H2469	H2469G	Heldai	Heldai	A man living at the time of United Monarchy, first mentioned at 2Sa.23	A man living at the time of Exile and Return, first mentioned at Zec.6		
H2470	59	AUTO	H2470a	H2470a	H2470A	be weak: weak	be weak: weak	: weak/disabled 1) to be or become weak, be or become sick, be or beco	: weak/disabled 1) to be or become weak, be or become sick, be or beco	a:0.25, b:0.00	a:0.73, b:0.00
H2470a	16	OWN	H2470a	H2470a	H2470A	be weak: weak	be weak: weak	: grieved/sorrowful 1) to be or become weak, be or become sick, be or 	: weak/disabled 1) to be or become weak, be or become sick, be or beco		
H2473	3	OWN	H2473	H2473	H2473G	Holon	Holon	§ Holon = "sandy"  a city of Moab	Holon = "sandy"   a town in the mountains of Judah given to the priest		
H2490	134	AUTO	H2490a	H2490c	H2490C	to bore	to profane/begin: begin	1) to wound (fatally), bore through, pierce, bore 1a) (Qal) to pierce 	: begin 1) to profane, defile, pollute, desecrate, begin 1a) (Niphal) 	a:0.00, b:0.00, c:0.52	a:0.00, b:0.00, c:0.67
H2491	91	AUTO	H2491a	H2491a	H2491A	slain: killed	slain: killed	: killed 1) slain, fatally wounded, pierced 1a) pierced, fatally wound	: killed 1) slain, fatally wounded, pierced 1a) pierced, fatally wound	a:0.90, b:0.01	a:0.90, b:0.01
H2491a	3	OWN	H2491a	H2491a	H2491A	slain: killed	slain: killed	: wounded 1) slain, fatally wounded, pierced 1a) pierced, fatally woun	: killed 1) slain, fatally wounded, pierced 1a) pierced, fatally wound		
H2492	2	CURATE	H2492a	H2492a	H2492A	be healthy	be healthy	1) to be healthy, be strong 1a) (Qal) to be healthy 1b) (Hiphil) to re	1) to be healthy, be strong 1a) (Qal) to be healthy 1b) (Hiphil) to re	a:0.00, b:0.00	a:1.00, b:0.00
H2502	23	AUTO	H2502a	H2502a	H2502A	to rescue	to rescue	1) to draw off or out, withdraw 1a) (Qal) 1a1) to draw, draw off 1a2) 	1) to draw off or out, withdraw 1a) (Qal) 1a1) to draw, draw off 1a2) 	a:0.43, b:0.00	a:0.83, b:0.43
H2503	5	OWN	H2503	H2503	H2503G	Helez	Helez	A man of the tribe of Judah living at the time of Divided Monarchy, fi	A man living at the time of United Monarchy, first mentioned at 2Sa.23		
H2505	56	AUTO	H2505a	H2505a	H2505A	to divide	to divide	1) to divide, share, plunder, allot, apportion, assign 1a) (Qal) 1a1) 	1) to divide, share, plunder, allot, apportion, assign 1a) (Qal) 1a1) 	a:0.61, b:0.00	a:0.89, b:0.00
H2506	66	AUTO	H2506a	H2506a	H2506A	portion	portion	1) portion, share, part, territory 1a) portion, share 1b) portion, tra	1) portion, share, part, territory 1a) portion, share 1b) portion, tra	a:0.62, b:0.00	a:0.80, b:0.00
H2513	23	CURATE	H2513a	H2513a	H2513A	portion	portion	1) portion, parcel 1a) of ground	1) portion, parcel 1a) of ground	a:0.09, b:0.00	a:0.17, b:0.04
H2518	15	OWN	H2518	H2518	H2518G	Hilkiah	Hilkiah	A man living at the time of Divided Monarchy, only mentioned at Jer.1.	A man living at the time of Divided Monarchy, first mentioned at 2Ki.1		
H2526	16	OWN	H2526	H2526	H2526G	Ham	Ham	§ Ham = "hot"   southern lands continaing the descendants of Ham	A man living at the time of the Patriarchs, first mentioned at Gen.5.3		
H2529	10	AUTO	H2529a	H2529a	H2529A	curd	curd	curd, butter	curd, butter	a:0.80, b:0.00	a:1.00, b:0.00
H2530	21	AUTO	H2530a	H2530a	H2530A	to desire	to desire	v 1) to desire, covet, take pleasure in, delight in 1a) (Qal) to desir	v 1) to desire, covet, take pleasure in, delight in 1a) (Qal) to desir	a:0.24, b:0.05	a:0.81, b:0.14
H2532	16	CURATE	H2532a	H2532a	H2532A	desire	desire	desire, that which is desirable	desire, that which is desirable	a:0.12, b:0.06	a:0.19, b:0.06
H2556	4	AUTO	H2556a	H2556a	H2556A	to leaven	to leaven	1) to be leavened, be sour 1a) (Qal) to be leavened 1b) (Hiphil) to ta	1) to be leavened, be sour 1a) (Qal) to be leavened 1b) (Hiphil) to ta	a:0.50, b:0.00, c:0.00	a:0.75, b:0.00, c:0.00
H2560	4	CURATE	H2560a	H2560a	H2560A	to aggitate	to aggitate	1) to boil, foam, foam up, ferment 1a) (Qal) to boil, foam up 1b) (Poa	1) to boil, foam, foam up, ferment 1a) (Qal) to boil, foam up 1b) (Poa	a:0.00, b:0.00, c:0.00	a:0.50, b:0.00, c:0.00
H2563	13	AUTO	H2563a	H2563c	H2563C	clay	homer	1) cement, mortar, clay 1a) mortar, cement 1b) clay 1c) mire	homer-a unit of dry measure about 65 imperial gallons (300 l)	a:0.00, b:0.15, c:0.85	a:0.00, b:0.15, c:0.85
H2574	35	OWN	H2574	H2574	H2574G	Hamath	Hamath	Hamath = "fortress"   the principle city of upper Syria in the valley 	§ Hamath = "fortress"  the principle city of upper Syria in the valley		
H2582	4	OWN	H2582	H2582	H2582G	Henadad	Henadad	A man living at the time of Exile and Return, only mentioned at Neh.3.	A man living at the time of Exile and Return, first mentioned at Ezr.3		
H2585	15	OWN	H2585	H2585	H2585G	Enoch	Enoch	A man of the tribe of Reuben living at the time of Egypt and Wildernes	A man living at the time before the Flood, first mentioned at Gen.4.17		
H2586	11	OWN	H2586	H2586	H2586G	Hanun	Hanun	A man living at the time of Exile and Return, only mentioned at Neh.3.	A man of the Ammonites living at the time of United Monarchy, first me		
H2590	3	CURATE	H2590a	H2590a	H2590A	to spice	to spice	v 1) to embalm, spice, make spicy 1a) (Qal) 1a1) to spice, make spicy 	v 1) to embalm, spice, make spicy 1a) (Qal) 1a1) to spice, make spicy 	a:0.00, b:1.00	a:1.00, b:1.00
H2592	2	OWN	H2592	H2592	H2592G	Hanniel	Hanniel	A man of the tribe of Asher living at the time of Divided Monarchy, on	A man living at the time of Egypt and Wilderness, only mentioned at Nu		
H2603	76	AUTO	H2603a	H2603a	H2603A	be gracious	be gracious	1) to be gracious, show favour, pity 1a) (Qal) to show favour, be grac	1) to be gracious, show favour, pity 1a) (Qal) to show favour, be grac	a:0.50, b:0.00	a:0.66, b:0.00
H2605	12	OWN	H2605	H2605	H2605G	Hanan	Hanan	A man living at the time of Divided Monarchy, only mentioned at Jer.35	A man of the tribe of Benjamin  living at the time of Divided Monarchy		
H2607	11	OWN	H2607	H2607	H2607G	Hanani	Hanani	A man living at the time of Exile and Return, only mentioned at Neh.12	A prophet living at the time of Divided Monarchy, first mentioned at 1		
H2608a	1	OWN	H2608a	H2608a	H2608A	Hananiah	Hananiah	A man living at the time of Exile and Return, first mentioned at Dan.1	A man living at the time of Divided Monarchy, first mentioned at Jer.2		
H2616	2	CURATE	H2616a	H2616a	H2616A	be kind	be kind	1) to be good, be kind 1a) (Hithpael) to show kindness to oneself	1) to be good, be kind 1a) (Hithpael) to show kindness to oneself	a:0.00, b:0.00	a:1.00, b:0.00
H2617	245	CURATE	H2617a	H2617a	H2617A	kindness	kindness	goodness, kindness, faithfulness	goodness, kindness, faithfulness	a:0.18, b:0.00	a:0.20, b:0.00
H2621	4	OWN	H2621	H2621	H2621G	Hosah	Hosah	A man living at the time of Divided Monarchy, first mentioned at 1Ch.1	§ Hosah = "refuge"  a place in Asher		
H2650	3	OWN	H2650	H2650	H2650G	Huppim	Huppim	A man of the tribe of Benjamin living at the time of Egypt and Wildern	A man of the tribe of Benjamin  living at the time of Egypt and Wilder		
H2654	73	AUTO	H2654a	H2654a	H2654A	to delight in	to delight in	1) to delight in, take pleasure in, desire, be pleased with 1a) (Qal) 	1) to delight in, take pleasure in, desire, be pleased with 1a) (Qal) 	a:0.37, b:0.00	a:0.80, b:0.00
H2657	4	OWN	H2657	H2657	H2657G	Hephzibah	Hephzibah	Hephzi-bah = "my delight is in her"  Another name of ye.ru.sha.laim (י	A woman living at the time of Divided Monarchy, only mentioned at 2Ki.		
H2660a	2	OWN	H2660a	H2660a	H2660A	Hepher	Hepher	A man living at the time of Divided Monarchy, only mentioned at 1Ch.11	A man of the tribe of Manasseh living at the time of Egypt and Wildern		
H2674	18	OWN	H2674	H2674	H2674G	Hazor	Hazor	§ Hazor = "castle"   a site in Arabia	Hazor = "castle"   a royal city of northern Palestine allotted to Naph		
H2682	20	AUTO	H2682a	H2682a	H2682A	grass	grass	1a) grass 1b) of the quickly perishing (fig.)	1a) grass 1b) of the quickly perishing (fig.)	a:0.95, b:0.00	a:0.95, b:0.95
H2686	3	CURATE	H2686a	H2686a	H2686A	to divide	to divide	1) to divide 1a) (Qal) to divide 1b) (Piel) to divide 1c) (Pual) to be	1) to divide 1a) (Qal) to divide 1b) (Piel) to divide 1c) (Pual) to be	a:0.00, b:0.00	a:0.33, b:0.00
H2691	191	CURATE	H2691a	H2691a	H2691A	court	court	1) court, enclosure 1a) enclosures 1b) court	1) court, enclosure 1a) enclosures 1b) court	a:0.43, b:0.25	a:0.43, b:0.25
H2696	16	OWN	H2696	H2696	H2696G	Hezron	Hezron	Hezron = "surrounded by a wall"   a place in the extreme south of Juda	A man of the tribe of Reuben living at the time of Egypt and Wildernes		
H2706	128	OWN	H2706	H2706	H2706G	statute: decree	statute: decree	: allotment/boundary 1) statute, ordinance, limit, something prescribe	: decree 1) statute, ordinance, limit, something prescribed, due 1a) p		
H2712	1	AUTO	H2712a	H2712a	H2712A	Hukkok	Hukkok	§ Hukkok = "appointed"  a town on the boundary of Naphtali	§ Hukkok = "appointed"  a town on the boundary of Naphtali	a:1.00, b:0.00	a:1.00, b:1.00
H2717	36	CURATE	H2717a	H2717a	H2717A	to dry	to dry	1) to be dry, be dried up 1a) (Qal) to be dried, be dried up 1b) (Pual	1) to be dry, be dried up 1a) (Qal) to be dried, be dried up 1b) (Pual	a:0.14, b:0.00, c:0.00	a:0.36, b:0.50, c:0.00
H2720	10	CURATE	H2720a	H2720a	H2720A	dry	dry	dry	dry	a:0.20, b:0.00	a:0.20, b:0.30
H2721	16	AUTO	H2721a	H2721a	H2721A	drought	drought	1) dryness, drought, heat 1a) dryness 1b) drought 1c) parching heat	1) dryness, drought, heat 1a) dryness 1b) drought 1c) parching heat	a:0.12, b:0.00	a:0.69, b:0.00
H2726	2	OWN	H2726	H2726	H2726G	Harbona	Harbona	A man living at the time of Exile and Return, only mentioned at Est.7.	A man living at the time of Exile and Return, only mentioned at Est.1.		
H2742	6	AUTO	H2742a	H2742d	H2742D	sharp	gold	adj  sharp-pointed, sharp, diligent	gold (poetical)	a:0.00, b:0.00, c:0.00, d:1.00	a:0.00, b:0.00, c:0.00, d:1.00
H2753	3	OWN	H2753	H2753	H2753G	Hori	Hori	A man living at the time of the Patriarchs, first mentioned at Gen.36.	A man living at the time of Egypt and Wilderness, only mentioned at Nu		
H2756	2	OWN	H2756	H2756	H2756G	Hariph	Hariph	A man living at the time of Exile and Return, first mentioned at Ezr.2	A man living at the time of Exile and Return, only mentioned at Neh.10		
H2763	50	AUTO	H2763a	H2763a	H2763A	to devote/destroy	to devote/destroy	1) to ban, devote, destroy utterly, completely destroy, dedicate for d	1) to ban, devote, destroy utterly, completely destroy, dedicate for d	a:0.88, b:0.00	a:0.92, b:0.00
H2764	29	AUTO	H2764a	H2764a	H2764A	devoted thing	devoted thing	1) a thing devoted, thing dedicated, ban, devotion 2) have been utterl	1) a thing devoted, thing dedicated, ban, devotion 2) have been utterl	a:0.76, b:0.00	a:0.97, b:0.38
H2766	11	OWN	H2766	H2766	H2766G	Harim	Harim	A man living at the time of Exile and Return, first mentioned at Ezr.2	A man living at the time of Divided Monarchy, first mentioned at 1Ch.2		
H2775	1	AUTO	H2775a	H2775b	H2775B	sun	itch	sun	itch, an eruptive disease	a:0.00, b:1.00	a:0.00, b:1.00
H2776	2	OWN	H2776	H2776	H2776G	Heres	Heres	Heres = "the sun"  a mountain inhabited by Amorites in Moab; the place	§ Heres = "the sun"  a mountain inhabited by Amorites in Moab; the pla		
H2778	39	AUTO	H2778a	H2778a	H2778A	to taunt	to taunt	1) to reproach, taunt, blaspheme, defy, jeopardise, rail, upbraid 1a) 	1) to reproach, taunt, blaspheme, defy, jeopardise, rail, upbraid 1a) 	a:0.33, b:0.00, c:0.00	a:0.46, b:0.00, c:0.00
H2790	26	AUTO	H2790a	H2790a	H2790A	to plow/plot	to plow/plot	1) to cut in, plough, engrave, devise 1a) (Qal) 1a1) to cut in, engrav	1) to cut in, plough, engrave, devise 1a) (Qal) 1a1) to cut in, engrav	a:0.54, b:0.00	a:0.65, b:0.00
H2791	1	CURATE	H2791a	H2791a	H2791A	silently	silently	adv  silently, secretly	adv  silently, secretly	a:0.00, b:0.00	a:1.00, b:0.00
H2793	3	OWN	H2793	H2793	H2793H	Horesh	wood	1) wood, wooded height, forest, wooded area.	1) wood, wooded height, forest, wooded area.		
H2803	112	OWN	H2803	H2803	H2803G	to devise: design	to devise: design	: think/imagine 1) to think, plan, esteem, calculate, invent, make a j	: design/skillful 1) to think, plan, esteem, calculate, invent, make a		
H2811	12	OWN	H2811	H2811	H2811G	Hashabiah	Hashabiah	A man living at the time of Exile and Return, only mentioned at Neh.12	A man of the tribe of Levi living at the time of Divided Monarchy, onl		
H2813	2	OWN	H2813	H2813	H2813G	Hashabneiah	Hashabneiah	A man living at the time of Exile and Return, only mentioned at Neh.9.	A man living at the time of Exile and Return, only mentioned at Neh.3.		
H2815	5	OWN	H2815	H2815	H2815G	Hasshub	Hasshub	A man living at the time of Exile and Return, only mentioned at Neh.10	A man of the tribe of Levi  living at the time of Exile and Return, fi		
H2818	1	AUTO	H2818a	H2818a	H2818A	to need	to need	verb  (P'al) to need, have need	verb  (P'al) to need, have need	a:1.00, b:0.00	a:1.00, b:1.00
H2828	5	OWN	H2828	H2828	H2828G	Hashum	Hashum	A man living at the time of Exile and Return, only mentioned at Neh.10	A man living at the time of Exile and Return, first mentioned at Ezr.2		
H2836	11	AUTO	H2836a	H2836a	H2836A	to desire	to desire	(Qal) to love, be attached to, long for	(Qal) to love, be attached to, long for	a:0.18, b:0.00	a:0.46, b:0.00
H2844	2	CURATE	H2844a	H2844a	H2844A	terror	terror	fear, terror	fear, terror	a:0.00, b:0.00	a:0.50, b:0.00
H2859	11	CURATE	H2859a	H2859a	H2859A	relative	relative	a son-in-law, a daughter's husband, wife's father, wife's mother, fath	a son-in-law, a daughter's husband, wife's father, wife's mother, fath	a:0.00, b:0.00	a:0.46, b:0.55
H2870	1	AUTO	H2870a	H2870a	H2870A	Tabeel	Tabeel	A man living at the time of Exile and Return, only mentioned at Ezr.4.	A man living at the time of Exile and Return, only mentioned at Ezr.4.	a:1.00, b:0.00	a:1.00, b:1.00
H2892	3	CURATE	H2892a	H2892a	H2892A	purity	purity	1) purity, purification, purifying 1a) purity 1b) purifying	1) purity, purification, purifying 1a) purity 1b) purifying	a:0.00, b:0.33	a:0.67, b:0.33
H2896	490	CURATE	H2896a	H2896a	H2896A	pleasant	pleasant	adj 1) good, pleasant, agreeable 1a) pleasant, agreeable (to the sense	adj 1) good, pleasant, agreeable 1a) pleasant, agreeable (to the sense	a:0.01, b:0.62, c:0.00	a:0.80, b:0.64, c:0.64
H2900	17	OWN	H2900	H2900	H2900G	Tobijah	Tobijah	A man living at the time of Exile and Return, first mentioned at Zec.6	A man living at the time of Divided Monarchy, only mentioned at 2Ch.17		
H2902	11	CURATE	H2902a	H2902a	H2902A	to overspread	to overspread	1) to spread over, overlay, plaster, cover over, coat, besmear 1a) (Qa	1) to spread over, overlay, plaster, cover over, coat, besmear 1a) (Qa	a:0.00, b:0.36	a:0.36, b:0.36
H2928	1	OWN	H2928	H2928	H2928G	Telem	Telem	A man living at the time of Exile and Return, only mentioned at Ezr.10	§ Telem = "oppression"  one of the cities in the extreme south of Juda		
H2930	162	CURATE	H2930a	H2930a	H2930A	to defile	to defile	1) to be unclean, become unclean, become impure 1a) (Qal) to be or bec	1) to be unclean, become unclean, become impure 1a) (Qal) to be or bec	a:0.46, b:0.53	a:0.99, b:0.53
H2970	2	OWN	H2970	H2970	H2970G	Jaazaniah	Jaazaniah	A man living at the time of Divided Monarchy, first mentioned at 2Ki.2	A man living at the time of Divided Monarchy, only mentioned at Jer.35		
H2971	12	OWN	H2971	H2971	H2971G	Jair	Jair	A man living at the time of Exile and Return, only mentioned at Est.2.	A man of the tribe of Judah living at the time of Egypt and Wilderness		
H2975	65	OWN	H2975	H2975	H2975G	Nile	Nile	1) river, stream, canal, Nile, Nile-canal 1a) stream, river (Nile) 1b)	This name means  river, stream, canal Also named: shi.chor (שִׁיחוֹר "		
H2977	1	OWN	H2977	H2977	H2977G	Josiah	Josiah	A man living at the time of Exile and Return, first mentioned at Zec.6	A king of the tribe of Judah living at the time of Divided Monarchy, f		
H2983	41	OWN	H2983	H2983	H2983G	Jebusite	Jebusite	Jebusite = "descendants of Jebus"  descendants of the 3rd son of Canaa	Someone descended from Jebus(?) of the Canaanites, first mentioned at 		
H2985	8	OWN	H2985	H2985	H2985G	Jabin	Jabin	A man living before Israel's Monarchy, first mentioned at Jdg.4.2  § J	A man living before Israel's Monarchy, only mentioned at Jos.11.1  § J		
H2995	2	OWN	H2995	H2995	H2995G	Jabneel	Jabneel	§ Jabneel = "God causes to build"   a town in Naphtali on the boundary	Jabneel = "God causes to build"   a town in Judah on the northern boun		
H3003	3	OWN	H3003	H3003	H3003G	Jabesh (Gilead)	Jabesh (Gilead)	Jabesh = "dry"   a town in the territory of Gilead; according to Euseb	§ Jabesh = "dry"  a town in the territory of Gilead; according to Euse		
H3008	3	OWN	H3008	H3008	H3008G	Igal	Igal	A man of the tribe of Judah living at the time of Divided Monarchy, on	A man living at the time of Egypt and Wilderness, only mentioned at Nu		
H3026	2	AUTO	H3026a	H3026a	H3026A	Jegar	Jegar	Aramaic of ra.mot gi.l.ad (רָמֹת  "Ramoth" H7433)  § Jegar-sahadutha =	Aramaic of ra.mot gi.l.ad (רָמֹת  "Ramoth" H7433)  § Jegar-sahadutha =	a:0.50, b:0.50	a:1.00, b:0.50
H3027	1618	OWN	H3027	H3027	H3027G	hand	hand	: swear/allegience/hand(under) 1) hand 1a) hand (of man) 1b) strength,	: hand/arm[anatomy] 1) hand 1a) hand (of man) 1b) strength, power (fig		
H3035	1	OWN	H3035	H3035	H3035G	Iddo	Iddo	A man living at the time of Exile and Return, only mentioned at Ezr.10	A man living at the time of Divided Monarchy, only mentioned at 1Ch.27		
H3037	3	OWN	H3037	H3037	H3037G	Jaddua	Jaddua	A man of the tribe of Levi living at the time of Exile and Return, fir	A man living at the time of Exile and Return, only mentioned at Neh.10		
H3038	17	OWN	H3038	H3038	H3038G	Jeduthun	Jeduthun	A man of the tribe of Levi  living at the time of Exile and Return, fi	A man of the tribe of Levi living at the time of United Monarchy, firs		
H3039	8	AUTO	H3039a	H3039a	H3039A	beloved	beloved	1) beloved 2) lovely	1) beloved 2) lovely	a:0.62, b:0.38	a:1.00, b:0.38
H3042	2	OWN	H3042	H3042	H3042G	Jedaiah	Jedaiah	A man living at the time of Exile and Return, only mentioned at Neh.3.	A man of the tribe of Simeon(?) living at the time of Divided Monarchy		
H3043	6	OWN	H3043	H3043	H3043G	Jediael	Jediael	A man living at the time of Divided Monarchy, only mentioned at 1Ch.26	A man of the tribe of Benjamin living at the time of Egypt and Wildern		
H3048	11	OWN	H3048	H3048	H3048G	Jedaiah	Jedaiah	A man living at the time of Exile and Return, first mentioned at Zec.6	A man of the tribe of Levi  living at the time of Exile and Return, fi		
H3058	58	OWN	H3058	H3058	H3058G	Jehu	Jehu	A man living at the time of Divided Monarchy, only mentioned at 1Ch.12	A man living at the time of Divided Monarchy, first mentioned at 1Ki.1		
H3059	20	OWN	H3059	H3059	H3059G	Jehoahaz	Jehoahaz	A king of the tribe of Judah living at the time of Divided Monarchy, f	A king of the Kingdom of Israel, living at the time of Divided Monarch		
H3060	17	OWN	H3060	H3060	H3060G	Jehoash	Jehoash	A king of the Kingdom of Israel, living at the time of Divided Monarch	A king of the tribe of Judah living at the time of Divided Monarchy, f		
H3063	819	OWN	H3063	H3063	H3063G	Judah	Judah	§ Judah = "praised"  the tribe descended from Judah the son of Jacob	A man of the tribe of Judah  living at the time of the Patriarchs, fir		
H3064	75	OWN	H3064	H3064	H3064G	Jew	Jew	People descended from Judah, living at the time of the Patriarchs, fir	Someone descended from Judah (H3063) and possibly other tribes, first 		
H3066	6	OWN	H3066	H3066	H3066G	Judahite	Judahite	§ in the Jewish language, in Hebrew	A man of the tribe of Judah  living at the time of the Patriarchs, fir		
H3068	6513	OWN	H3068	H3068	H3068G	LORD	LORD	Combined with ye.ru.sha.laim (יְרוּשָׁלִַ֫ם, יְרוּשְׁלֵם "Jerusalem" H	Jehovah = "the existing One" 1) the proper name of the one true God 1a		
H3075	4	OWN	H3075	H3075	H3075G	Jehozabad	Jehozabad	A man living at the time of Divided Monarchy, only mentioned at 2Ch.17	A man of the Moabites living at the time of Divided Monarchy, first me		
H3076	9	OWN	H3076	H3076	H3076G	Johanan	Johanan	A man living at the time of Exile and Return, only mentioned at Neh.12	A man living at the time of Divided Monarchy, only mentioned at 1Ch.12		
H3077	51	OWN	H3077	H3077	H3077G	Jehoiada	Jehoiada	A man living at the time of Divided Monarchy, only mentioned at Jer.29	A man living at the time of United Monarchy, first mentioned at 2Sa.8.		
H3080	2	OWN	H3080	H3080	H3080G	Jehoiarib	Jehoiarib	A man of the tribe of Levi  living at the time of Exile and Return, fi	A man living at the time of Divided Monarchy, only mentioned at 1Ch.24		
H3082	8	OWN	H3082	H3082	H3082G	Jonadab	Jonadab	A man of the tribe of Judah living at the time of United Monarchy, fir	A man living at the time of Divided Monarchy, first mentioned at 2Ki.1		
H3083	82	OWN	H3083	H3083	H3083G	Jonathan	Jonathan	A man of the tribe of Judah living at the time of United Monarchy, fir	A man living before Israel's Monarchy, only mentioned at Jdg.18.30;   		
H3088	29	OWN	H3088	H3088	H3088G	Jehoram	Jehoram	A king of the Kingdom of Israel, living at the time of Divided Monarch	A king of the tribe of Judah living at the time of Divided Monarchy, f		
H3091	218	OWN	H3091	H3091	H3091G	Joshua	Joshua	A man of the tribe of Levi living at the time of Exile and Return, fir	A man of the tribe of Ephraim living at the time of Egypt and Wilderne		
H3092	82	OWN	H3092	H3092	H3092G	Jehoshaphat	Jehoshaphat	Jehoshaphat = "Jehovah has judged"  son of king Asa and himself king o	A man living at the time of United Monarchy, first mentioned at 2Sa.8.		
H3094	2	OWN	H3094	H3094	H3094G	Jehallelel	Jehallelel	A man living at the time of Divided Monarchy, only mentioned at 2Ch.29	A man of the tribe of Judah  living at the time of Divided Monarchy, o		
H3097	145	OWN	H3097	H3097	H3097G	Joab	Joab	A man living at the time of Exile and Return, only mentioned at Ezr.8.	A man living at the time of United Monarchy, first mentioned at 1Sa.26		
H3098	11	OWN	H3098	H3098	H3098G	Joah	Joah	A man living at the time of Divided Monarchy, first mentioned at 2Ch.2	A man living at the time of Divided Monarchy, first mentioned at 2Ki.1		
H3099	4	OWN	H3099	H3099	H3099G	Joahaz	Joahaz	A king of the tribe of Judah living at the time of Divided Monarchy, f	A man living at the time of Divided Monarchy, only mentioned at 2Ch.34		
H3100	19	OWN	H3100	H3100	H3100G	Joel	Joel	A man of the tribe of Levi living at the time of Divided Monarchy, fir	A man of the tribe of Levi living at the time of United Monarchy, firs		
H3101	47	OWN	H3101	H3101	H3101G	Joash	Joash	A man living at the time of Divided Monarchy, only mentioned at 1Ch.12	A man living before Israel's Monarchy, first mentioned at Jdg.6.11;   		
H3103	9	OWN	H3103	H3103	H3103G	Jobab	Jobab	A man of the tribe of Benjamin  living at the time of Divided Monarchy	A man living at the time of the Patriarchs, first mentioned at Gen.10.		
H3107	10	OWN	H3107	H3107	H3107G	Jozacar	Jozacar	A man living at the time of Exile and Return, only mentioned at Neh.11	A man of the Ammonites living at the time of Divided Monarchy, first m		
H3109	2	OWN	H3109	H3109	H3109G	Joha	Joha	A man living at the time of Divided Monarchy, only mentioned at 1Ch.11	A man of the tribe of Benjamin  living at the time of Egypt and Wilder		
H3110	24	OWN	H3110	H3110	H3110G	Johanan	Johanan	A man of the tribe of Levi living at the time of Exile and Return, fir	A man living at the time of Divided Monarchy, first mentioned at 2Ki.2		
H3111	5	OWN	H3111	H3111	H3111G	Joiada	Joiada	A man of the tribe of Levi living at the time of Exile and Return, fir	A man living at the time of Exile and Return, only mentioned at Neh.3.		
H3114	5	OWN	H3114	H3114	H3114G	Joiarib	Joiarib	A man living at the time of Exile and Return, only mentioned at Neh.11	A man of the tribe of Levi  living at the time of Exile and Return, fi		
H3117	2302	OWN	H3117	H3117	H3117G	day	day	: today/now 1) day, time, year 1a) day (as opposed to night) 1b) day (	: day/when/time/period 1) day, time, year 1a) day (as opposed to night		
H3120	11	OWN	H3120	H3120	H3120G	Javan	Javan	§ Javan = "Ionia" or "Greece"  1) Greece, Ionia, Ionians 2) location o	A man living at the time of the Patriarchs, first mentioned at Gen.10.		
H3122	7	OWN	H3122	H3122	H3122G	Jonadab	Jonadab	A man living at the time of Divided Monarchy, first mentioned at 2Ki.1	A man of the tribe of Judah living at the time of United Monarchy, fir		
H3129	42	OWN	H3129	H3129	H3129G	Jonathan	Jonathan	A man living at the time of United Monarchy, first mentioned at 2Sa.23	A man of the tribe of Judah living at the time of Divided Monarchy, fi		
H3130	213	OWN	H3130	H3130	H3130G	Joseph	Joseph	A man living at the time of Exile and Return, only mentioned at Neh.12	A man living at the time of the Patriarchs, first mentioned at Gen.30.		
H3135	2	OWN	H3135	H3135	H3135G	Joash	Joash	A man living at the time of Divided Monarchy, only mentioned at 1Ch.27	A man of the tribe of Benjamin living at the time of Egypt and Wildern		
H3136a	1	OWN	H3136a	H3136a	H3136A	Jozadak	Jozadak	A man living at the time of Exile and Return, only mentioned at Ezr.10	A man of the tribe of Levi living at the time of Exile and Return, fir		
H3141	20	OWN	H3141	H3141	H3141G	Joram	Joram	A king of the tribe of Judah living at the time of Divided Monarchy, f	A man living at the time of United Monarchy, first mentioned at 2Sa.8.		
H3146	2	OWN	H3146	H3146	H3146G	Joshaphat	Joshaphat	A man living at the time of Divided Monarchy, only mentioned at 1Ch.15	A man living at the time of Divided Monarchy, only mentioned at 1Ch.11		
H3147	24	OWN	H3147	H3147	H3147G	Jotham	Jotham	A man of the tribe of Judah living at the time of Divided Monarchy, on	A man living before Israel's Monarchy, first mentioned at Jdg.9.5;   s		
H3156	3	OWN	H3156	H3156	H3156G	Izrahiah	Izrahiah	A man living at the time of Exile and Return, only mentioned at Neh.12	A man of the tribe of Issachar living at the time of Divided Monarchy,		
H3157	3	OWN	H3157	H3157	H3157G	Jezreel	Jezreel	Combined with e.meq (עֵ֫מֶק " Valley" H6010M)  § Jezreel = "God sows" 	Jezreel = "God sows" a city in the Nekeb of Judah Also named: yiz.re.e		
H3158	13	OWN	H3158	H3158	H3158G	Jezreel	Jezreel	Group of yiz.re.el (יִזְרְעֶאל "Jezreel" H3157H)  § Jezreelite , of Je	Jezreelite , of Jezreel "sown of God"  an inhabitant of Jezreel Anothe		
H3162	45	AUTO	H3162a	H3162b	H3162B	unitedness	together	1) union, unitedness	adv  together	a:0.00, b:0.56	a:0.00, b:0.56
H3165	2	OWN	H3165	H3165	H3165G	Jehdeiah	Jehdeiah	A man living at the time of Divided Monarchy, only mentioned at 1Ch.27	A man of the tribe of Levi living at the time of Divided Monarchy, onl		
H3166	6	OWN	H3166	H3166	H3166G	Jahaziel	Jahaziel	A man living at the time of Exile and Return, only mentioned at Ezr.8.	A man living at the time of Divided Monarchy, only mentioned at 1Ch.12		
H3168	3	OWN	H3168	H3168	H3168G	Jehezkel	Jehezkel	A prophet living at the time of Exile and Return, first mentioned at E	A man living at the time of Divided Monarchy, only mentioned at 1Ch.24		
H3169	3	OWN	H3169	H3169	H3169G	Jehizkiah	Jehizkiah	A man living at the time of Exile and Return, first mentioned at Ezr.2	A man living at the time of Divided Monarchy, only mentioned at 2Ch.28		
H3171	14	OWN	H3171	H3171	H3171G	Jehiel	Jehiel	A man living at the time of Exile and Return, only mentioned at Ezr.10	A man living at the time of Divided Monarchy, first mentioned at 1Ch.1		
H3176	42	OWN	H3176	H3176	H3176G	to wait: wait	to wait: wait	: hope/trust 1) to wait, hope, expect 1a) (Niphal) to wait 1b) (Piel) 	: wait[for_time] 1) to wait, hope, expect 1a) (Niphal) to wait 1b) (Pi		
H3189	8	OWN	H3189	H3189	H3189G	Jahath	Jahath	A man of the tribe of Levi living at the time of Egypt and Wilderness,	A man of the tribe of Judah living at the time of Divided Monarchy, fi		
H3195	3	OWN	H3195	H3195	H3195G	Jetur	Jetur	§ Jetur = "enclosed"   a son of Ishmael whose descendants warred with 	A man of the Arabs living at the time of the Patriarchs, first mention		
H3199	8	OWN	H3199	H3199	H3199G	Jachin	Jachin	A man living at the time of Divided Monarchy, only mentioned at 1Ch.24	A man of the tribe of Simeon living at the time of Egypt and Wildernes		
H3220	396	OWN	H3220	H3220	H3220G	sea	sea	This name means  sea, seaward, westward Another name of eph.ron (עֶפְר	: sea 1) sea 1a) Mediterranean Sea 1b) Red Sea 1c) Dead Sea 1d) Sea of		
H3225	139	OWN	H3225	H3225	H3225G	right	right	A man of the tribe of Benjamin  living at the time of the Patriarchs, 	1) right, right hand, right side 1a) right hand 1b) right (of directio		
H3226	6	OWN	H3226	H3226	H3226G	Jamin	Jamin	A man living at the time of Exile and Return, only mentioned at Neh.8.	A man of the tribe of Simeon living at the time of Egypt and Wildernes		
H3228	1	OWN	H3228	H3228	H3228G	[Ben]jaminite	[Ben]jaminite	Someone descended from Jamin who was a man of the tribe of Simeon livi	Someone descended from the tribe of Benjamin  living at the time of th		
H3232	5	OWN	H3232	H3232	H3232G	Imnah	Imnah	A man living at the time of Divided Monarchy, only mentioned at 2Ch.31	A man of the tribe of Asher living at the time of Egypt and Wilderness		
H3233	33	OWN	H3233	H3233	H3233G	right	right	: south  right, right hand A sub-meaning of ye.ma.ni (יְמָנִי ": right	: right  right, right hand Also means: ye.ma.ni (יְמָנִי ": south" H32		
H3247	19	OWN	H3247	H3247	H3247H	(Gate of the) Foundation	foundation	1) foundation, base 1a) foundation 1b) base, bottom	1) foundation, base 1a) foundation 1b) base, bottom		
H3254	214	OWN	H3254	H3254	H3254G	to add: again	to add: again	: add/more[amount] 1) to add, increase, do again 1a) (Qal) to add, inc	: again/continue/more[instances] 1) to add, increase, do again 1a) (Qa		
H3258	3	OWN	H3258	H3258	H3258G	Jabez	Jabez	A man of the tribe of Judah  living at the time of Divided Monarchy, f	§ Jabez = "sorrow"   a town in Judah apparently near Bethlehem		
H3266	9	OWN	H3266	H3266	H3266G	Jeush	Jeush	A man of the tribe of Judah living at the time of Divided Monarchy, on	A man of the Edomites living at the time of the Patriarchs, first ment		
H3272	3	OVERRIDE	H3272a	H3272b	H3272B	to counsel	counsellor	(Ithpael) to advise, counsel, take counsel Aramaic of ya.ats (יָעַץ "t	(P'al) counsellor (participle) A grammatical form of ya.ats (יָעַץ "to	a:0.00, b:0.00	a:0.00, b:0.00
H3273	12	OWN	H3273	H3273	H3273G	Jeiel	Jeiel	A man of the tribe of Benjamin living at the time of United Monarchy, 	A man of the tribe of Reuben  living at the time of Divided Monarchy, 		
H3277	3	OWN	H3277	H3277	H3277H	Wildgoats'	goat	mountain goat	mountain goat		
H3293	56	AUTO	H3293a	H3293a	H3293A	wood	wood	forest, wood, thicket, wooded height Also means: ya.or (יָעוֹר "wood" 	forest, wood, thicket, wooded height Also means: ya.or (יָעוֹר "wood" 	a:0.98, b:0.00	a:1.00, b:0.00
H3293a	1	OWN	H3293a	H3293a	H3293A	wood	wood	Combined with ba.yit (בַּ֫יִת "House" H1004J)  § honeycomb	forest, wood, thicket, wooded height Also means: ya.or (יָעוֹר "wood" 		
H3300	2	OWN	H3300	H3300	H3300G	Jaasiel	Jaasiel	A man of the tribe of Benjamin living at the time of United Monarchy, 	A man living at the time of Divided Monarchy, only mentioned at 1Ch.11		
H3309	4	OWN	H3309	H3309	H3309G	Japhia	Japhia	A man of the tribe of Judah living at the time of United Monarchy, fir	A man living before Israel's Monarchy, only mentioned at Jos.10.3  § J		
H3312	16	OWN	H3312	H3312	H3312G	Jephunneh	Jephunneh	A man of the tribe of Asher living at the time of Divided Monarchy, on	A man living at the time of Egypt and Wilderness, first mentioned at N		
H3316	29	OWN	H3316	H3316	H3316G	Iphtah	Iphtah	A Judge living before Israel's Monarchy, first mentioned at Jdg.11.1; 	§ Jephthah or Jiphtah = "he opens"  a city in Judah		
H3318	1068	OWN	H3318	H3318	H3318G	to come out: come	to come out: come	: surrender/failed(heart) 1) to go out, come out, exit, go forth 1a) (	: come/go_out/escape 1) to go out, come out, exit, go forth 1a) (Qal) 		
H3326	5	AUTO	H3326a	H3326a	H3326A	bed	bed	couch, bed	couch, bed	a:0.80, b:0.00	a:1.00, b:0.00
H3332	52	OWN	H3332	H3332	H3332G	to pour: pour	to pour: pour	: firm 1) to pour, flow, cast, pour out 1a) (Qal) 1a1) to pour, pour o	: pour 1) to pour, flow, cast, pour out 1a) (Qal) 1a1) to pour, pour o		
H3335	44	OWN	H3335	H3335	H3335G	to form: formed	to form: formed	: plan 1) to form, fashion, frame 1a) (Qal) to form, fashion 1a1) of h	: formed 1) to form, fashion, frame 1a) (Qal) to form, fashion 1a1) of		
H3356	2	OWN	H3356	H3356	H3356G	Jakim	Jakim	A man living at the time of Divided Monarchy, only mentioned at 1Ch.24	A man of the tribe of Benjamin living at the time of Divided Monarchy,		
H3359	3	OWN	H3359	H3359	H3359G	Jekamiah	Jekamiah	A man of the tribe of Judah living at the time of Divided Monarchy, on	A man of the tribe of Judah living at the time of Divided Monarchy, fi		
H3361	2	OWN	H3361	H3361	H3361G	Jokmeam	Jokmeam	Jokmeam = "gathered by the people"  a city of refuge in Ephraim given 	Jokmeam = "gathered by the people"  a city of refuge in Ephraim given 		
H3371	2	OWN	H3371	H3371	H3371G	Joktheel	Joktheel	Joktheel = "the blessedness of God"  the name given to the cliff which	§ Joktheel = "the blessedness of God"   a city in the low country of J		
H3372	318	OWN	H3372	H3372	H3372G	to fear	to fear	: awesome(god) 1) to fear, revere, be afraid 1a) (Qal) 1a1) to fear, b	: frightening(DANGER) 1) to fear, revere, be afraid 1a) (Qal) 1a1) to 		
H3379	104	OWN	H3379	H3379	H3379G	Jeroboam	Jeroboam	A king of the Kingdom of Israel, living at the time of Divided Monarch	A king of the Kingdom of Israel, living at the time of United Monarchy		
H3382	7	OWN	H3382	H3382	H3382G	Jared	Jared	A man of the tribe of Judah(?) living at the time of Divided Monarchy,	A man living at the time before the Flood, first mentioned at Gen.5.15		
H3384	27	AUTO	H3384a	H3384a	H3384A	to shoot	to shoot	1) to shoot, pour 1a) (Qal) 1a1) to shoot arrows 1b) (Hiphil) 1b1) to 	1) to shoot, pour 1a) (Qal) 1a1) to shoot arrows 1b) (Hiphil) 1b1) to 	a:0.41, b:0.00	a:0.52, b:0.00
H3395	10	OWN	H3395	H3395	H3395G	Jeroham	Jeroham	A man living at the time of Divided Monarchy, only mentioned at 2Ch.23	A man of the tribe of Levi living at the time of United Monarchy, firs		
H3396	8	OWN	H3396	H3396	H3396G	Jerahmeel	Jerahmeel	A man living at the time of Divided Monarchy, only mentioned at Jer.36	A man of the tribe of Judah living before Israel's Monarchy, first men		
H3399	2	NO_SIGNAL	H3399a	H3399a	H3399A	to push	to push	to precipitate, be precipitate, push headlong, drive recklessly	to precipitate, be precipitate, push headlong, drive recklessly	a:0.00, b:0.00	a:0.00, b:0.00
H3402	3	OWN	H3402	H3402	H3402G	Jarib	Jarib	A man of the tribe of Simeon living at the time of Egypt and Wildernes	A man living at the time of Exile and Return, only mentioned at Ezr.8.		
H3404	1	OWN	H3404	H3404	H3404G	Jeriah	Jeriah	A man living at the time of Divided Monarchy, only mentioned at 1Ch.26	A man of the tribe of Levi living at the time of Egypt and Wilderness,		
H3405	57	OWN	H3405	H3405	H3405G	Jericho	Jericho	Combined with kik.kar (כִּכָּר "Plain" H3603)  § Jericho = "its moon" 	Jericho = "its moon"  a city 5 miles (8 km) west of the Jordan and 7 m		
H3406	7	OWN	H3406	H3406	H3406G	Jerimoth	Jerimoth	A man living at the time of Exile and Return, only mentioned at Ezr.10	A man of the tribe of Benjamin living at the time of Egypt and Wildern		
H3412	7	OWN	H3412	H3412	H3412G	Jarmuth	Jarmuth	§ Jarmuth = "heights"   a Levitical city of Issachar allocated to the 	§ Jarmuth = "heights"   a Canaanitish city in the lowlands of Judah wi		
H3414	18	OWN	H3414	H3414	H3414G	Jeremiah	Jeremiah	A man living at the time of Divided Monarchy, only mentioned at Jer.35	A man living at the time of Divided Monarchy, first mentioned at 2Ki.2		
H3423	231	OWN	H3423	H3423	H3423G	to possess: possess	to possess: possess	: poor/conquered 1) to seize, dispossess, take possession off, inherit	: possess/inherit 1) to seize, dispossess, take possession off, inheri		
H3434	3	OWN	H3434	H3434	H3434G	Jashobeam	Jashobeam	A man living at the time of Divided Monarchy, only mentioned at 1Ch.12	A man living at the time of Divided Monarchy, first mentioned at 2Sa.2		
H3437	3	OWN	H3437	H3437	H3437G	Jashub	Jashub	A man of the tribe of Issachar living at the time of Egypt and Wildern	A man living at the time of Exile and Return, only mentioned at Ezr.10		
H3440	4	OWN	H3440	H3440	H3440G	Ishvi	Ishvi	A man of the tribe of Benjamin living at the time of United Monarchy, 	A man of the tribe of Asher living at the time of Egypt and Wilderness		
H3442	28	OWN	H3442	H3442	H3442G	Jeshua	Jeshua	A man of the tribe of Levi living at the time of Exile and Return, fir	A man living at the time of Divided Monarchy, first mentioned at 1Ch.2		
H3449	6	OWN	H3449	H3449	H3449G	Isshiah	Isshiah	A man living at the time of Exile and Return, only mentioned at Ezr.10	A man of the tribe of Issachar living at the time of Divided Monarchy,		
H3452	13	OWN	H3452	H3452	H3452H	Jeshimon	wilderness	waste, wilderness, desert, desolate place	waste, wilderness, desert, desolate place		
H3458	48	OWN	H3458	H3458	H3458G	Ishmael	Ishmael	A man living at the time of Exile and Return, only mentioned at Ezr.10	A man of Arabia living at the time of the Patriarchs, first mentioned 		
H3460	1	OWN	H3460	H3460	H3460G	Ishmaiah	Ishmaiah	A man living at the time of Divided Monarchy, only mentioned at 1Ch.27	A man living at the time of Divided Monarchy, only mentioned at 1Ch.12		
H3465	6	OWN	H3465	H3465	H3465H	(Gate of) Yeshanah	old	old, store, storage	old, store, storage		
H3466	1	OWN	H3466	H3466	H3466G	Jeshanah	Jeshanah	Jeshanah = "storage"  a town of the southern border of the northern ki	§ Jeshanah = "storage"  a town of the southern border of the northern 		
H3469	5	OWN	H3469	H3469	H3469G	Ishi	Ishi	A man of the tribe of Manasseh  living at the time of Divided Monarchy	A man of the tribe of Judah living at the time of Divided Monarchy, fi		
H3470	4	AUTO	H3470a	H3470a	H3470A	Isaiah	Isaiah	A prophet living at the time of Divided Monarchy, first mentioned at 2	A prophet living at the time of Divided Monarchy, first mentioned at 2	a:1.00, b:1.00	a:1.00, b:1.00
H3470a	35	OWN	H3470a	H3470a	H3470A	Isaiah	Isaiah	A man of the tribe of Levi living at the time of United Monarchy, firs	A prophet living at the time of Divided Monarchy, first mentioned at 2		
H3477	117	OWN	H3477	H3477	H3477G	upright	upright	1) straight, upright, correct, right 1a) straight, level 1b) right, pl	1) straight, upright, correct, right 1a) straight, level 1b) right, pl		
H3481	2	OWN	H3481	H3481	H3481G	Ishmaelite	Ishmaelite	Someone descended from Israel who was a man living at the time of the 	Someone descended from Ishmael who was a man of Arabia living at the t		
H3485	43	OWN	H3485	H3485	H3485G	Issachar	Issachar	A man of the tribe of Levi living at the time of United Monarchy, only	A man of the tribe of Issachar  living at the time of the Patriarchs, 		
H3499	96	CURATE	H3499a	H3499a	H3499A	remainder	remainder	1) remainder, excess, rest, remnant, excellence 1a) remainder, remnant	1) remainder, excess, rest, remnant, excellence 1a) remainder, remnant	a:0.02, b:0.00	a:0.80, b:0.00
H3500	9	OWN	H3500	H3500	H3500G	Jether	Jether	A man living at the time of Egypt and Wilderness, first mentioned at E	A man living before Israel's Monarchy, only mentioned at Jdg.8.20;   s		
H3506	3	OWN	H3506	H3506	H3506G	Ithran	Ithran	A man of the tribe of Asher living at the time of Divided Monarchy, fi	A man living at the time of the Patriarchs, first mentioned at Gen.36.		
H3512	3	CURATE	H3512a	H3512a	H3512A	be disheartened	be disheartened	1) to be sad, be disheartened  1a) (Niphal) to be disheartened, be cow	1) to be sad, be disheartened  1a) (Niphal) to be disheartened, be cow	a:0.33, b:0.33	a:0.33, b:0.33
H3513	113	OWN	H3513	H3513	H3513G	to honor: honour	to honor: honour	: dull/dim(hearing/eyesight) 1) to be heavy, be weighty, be grievous, 	: honour/glory 1) to be heavy, be weighty, be grievous, be hard, be ri		
H3520	3	CURATE	H3520a	H3520a	H3520A	glorious	glorious	glorious	glorious	a:0.33, b:0.00	a:0.33, b:0.00
H3521	2	OWN	H3521	H3521	H3521G	Cabul	Cabul	§ Cabul = "binding"  a district in Galilee given by Solomon to Hiram a	§ Cabul = "binding"   a city on the border of Asher and located approx		
H3526	51	OWN	H3526	H3526	H3526H	Washer's	to wash	1) to wash (by treading), be washed, perform the work of a fuller 1a) 	1) to wash (by treading), be washed, perform the work of a fuller 1a) 		
H3543	9	AUTO	H3543a	H3543a	H3543A	to grow dim	to grow dim	1) to grow weak, grow dim, grow faint, falter, be weak, be dim, be dar	1) to grow weak, grow dim, grow faint, falter, be weak, be dim, be dar	a:0.33, b:0.00	a:0.56, b:0.00
H3559	217	AUTO	H3559a	H3559a	H3559A	to establish: prepare	to establish: prepare	: prepare/direct 1) to be firm, be stable, be established 1a) (Niphal)	: prepare/direct 1) to be firm, be stable, be established 1a) (Niphal)	a:0.56, b:0.00	a:0.86, b:0.00
H3563	31	AUTO	H3563a	H3563a	H3563A	cup	cup	cup	cup	a:1.00, b:0.00	a:1.00, b:0.00
H3568a	23	OWN	H3568a	H3568a	H3568A	Cush	Cush	§ Cush = "black"  a Benjamite mentioned only in the title of Ps 7:1	§ Cush = "black"   the land occupied by the descendants of Cush locate		
H3569	25	OWN	H3569	H3569	H3569G	Ethiopian	Ethiopian	Someone from Cush  Group of kush (כּוּשׁ "Cush" H3568A)  § Cushi or Et	Someone from Ethiopia Group of kush (כּוּשׁ "Ethiopia" H3568H)  § Cush		
H3581	125	AUTO	H3581a	H3581b	H3581B	reptile	strength	1) a small reptile, probably a kind of lizard, which is unclean 1a) pe	1) strength, power, might 1a) human strength 1b) strength (of angels) 	a:0.00, b:0.54	a:0.00, b:0.93
H3588	4483	AUTO	H3588a	H3588a	H3588A	for	for	1) that, for, because, when, as though, as, because that, but, then, c	1) that, for, because, when, as though, as, because that, but, then, c	a:0.51, b:0.05, c:0.00	a:0.76, b:0.06, c:0.25
H3603	68	OWN	H3603	H3603	H3603H	Plain (of Jericho)	talent	1) round 1a) a round district (environs of the Jordan valley) 1b) a ro	1) round 1a) a round district (environs of the Jordan valley) 1b) a ro		
H3612	35	OWN	H3612	H3612	H3612G	Caleb	Caleb	A man of the tribe of Judah living at the time of Egypt and Wilderness	A man living at the time of Egypt and Wilderness and Israel before the		
H3615	208	OWN	H3615	H3615	H3615G	to end: finish	to end: finish	: expend/spend/empty/fail 1) to accomplish, cease, consume, determine,	: finish 1) to accomplish, cease, consume, determine, end, fail, finis		
H3618	34	OWN	H3618	H3618	H3618G	daughter-in-law: bride	daughter-in-law: bride	: daughter-in-law 1) bride, daughter-in-law 1a) daughter-in-law 1b) br	: bride 1) bride, daughter-in-law 1a) daughter-in-law 1b) bride, young		
H3620	2	OWN	H3620	H3620	H3620G	Chelub	Chelub	A man living at the time of Divided Monarchy, only mentioned at 1Ch.27	A man of the tribe of Judah  living at the time of Divided Monarchy, o		
H3626	4	OWN	H3626	H3626	H3626G	Col-hozeh	Col-hozeh	A man living at the time of Exile and Return, only mentioned at Neh.11	A man living at the time of Exile and Return, only mentioned at Neh.3.		
H3633	2	OWN	H3633	H3633	H3633G	Calcol	Calcol	A man of the tribe of Judah living before Israel's Monarchy, only ment	A man living at the time of United Monarchy, only mentioned at 1Ki.4.3		
H3644	141	OWN	H3644	H3644	H3644G	like	like	Combined with ge.rut (גֵּרוּת "Geruth" H1628)	adv 1) like, as, the like of which conj 2) when, according as, as it w		
H3651	744	AUTO	H3651a	H3651c	H3651C	right	so	adv adj 1) right, just, honest, true, veritable 1a) right, just, hones	adv 1) so, therefore, thus 1a) thus, so 1b) just so 1c) therefore 1d) 	a:0.00, b:0.01, c:0.57	a:0.01, b:0.01, c:0.63
H3667	89	AUTO	H3667a	H3667a	H3667A	Canaan	Canaan	§ Canaan = "lowland"  the land west of the Jordan peopled by the desce	§ Canaan = "lowland"  the land west of the Jordan peopled by the desce	a:0.97, b:0.00	a:0.97, b:0.00
H3667a	4	OWN	H3667a	H3667a	H3667A	Canaan	Canaan	A man living at the time of the Patriarchs, first mentioned at Gen.9.1	§ Canaan = "lowland"  the land west of the Jordan peopled by the desce		
H3668	5	OWN	H3668	H3668	H3668G	Chenaanah	Chenaanah	A man of the tribe of Benjamin living at the time of Divided Monarchy,	A man living at the time of Divided Monarchy, first mentioned at 1Ki.2		
H3669	71	AUTO	H3669a	H3669a	H3669A	Canaanite	Canaanite	Group of ke.na.an (כְּנַ֫עַן "Canaan" H3667A)  § Canaanite, of Cana "z	Group of ke.na.an (כְּנַ֫עַן "Canaan" H3667A)  § Canaanite, of Cana "z	a:1.00, b:0.00	a:1.00, b:0.00
H3669a	2	OWN	H3669a	H3669a	H3669A	Canaanite	Canaanite	Describing a woman living at the time of the Patriarchs, first mention	Group of ke.na.an (כְּנַ֫עַן "Canaan" H3667A)  § Canaanite, of Cana "z		
H3672	7	OWN	H3672	H3672	H3672G	(Sea of) Chinnereth	(Sea of) Chinnereth	§ Chinneroth or Cinneroth or Chinnereth = "harps"  a town and district	§ Chinneroth or Cinneroth or Chinnereth = "harps"   the early name of 		
H3685	4	OWN	H3685	H3685	H3685H	Orion	constellation	constellation (in general)	constellation (in general)		
H3701	403	OWN	H3701	H3701	H3701G	silver: money	silver: money	: price 1) silver, money 1a) silver 1a1) as metal 1a2) as ornament 1a3	: money/payment/silver 1) silver, money 1a) silver 1a1) as metal 1a2) 		
H3709	193	OWN	H3709	H3709	H3709G	palm	palm	: dish/socket 1) palm, hand, sole, palm of the hand, hollow or flat of	: palm/hand 1) palm, hand, sole, palm of the hand, hollow or flat of t		
H3713	9	AUTO	H3713a	H3713a	H3713A	bowl	bowl	bowl, basin	bowl, basin	a:0.56, b:0.00	a:0.56, b:0.00
H3715	31	AUTO	H3715a	H3715a	H3715A	lion	lion	young lion	young lion	a:0.97, b:0.03	a:0.97, b:0.03
H3722	102	CURATE	H3722a	H3722a	H3722A	to atone	to atone	1) to cover, purge, make an atonement, make reconciliation 1a) (Piel) 	1) to cover, purge, make an atonement, make reconciliation 1a) (Piel) 	a:0.07, b:0.01	a:0.88, b:0.01
H3723	1	OWN	H3723	H3723	H3723H	Chephar	village	village Also means: ko.pher (כֹּפֶר "village" H3724D)	village Also means: ko.pher (כֹּפֶר "village" H3724D)		
H3724	1	AUTO	H3724a	H3724d	H3724D	ransom	village	price of a life, ransom, bribe	village Another spelling of ka.phar (כָּפָר "village" H3723H)	a:0.00, b:0.00, c:0.00, d:1.00	a:0.00, b:0.00, c:0.00, d:1.00
H3733	12	AUTO	H3733a	H3733c	H3733C	saddle	ram	1) howdah, palanquin, basket saddle 1a) an enclosed riding space erect	1) ram, lamb, he-lamb 2) battering-ram	a:0.00, b:0.00, c:0.25	a:0.00, b:0.00, c:1.00
H3738	14	CURATE	H3738a	H3738a	H3738A	to dig	to dig	1) to dig, excavate, dig through, cut 1a) (Qal) to dig	1) to dig, excavate, dig through, cut 1a) (Qal) to dig	a:0.21, b:0.00	a:0.29, b:0.79
H3739	4	CURATE	H3739a	H3739a	H3739A	to trade	to trade	(Qal) to get by trade, trade, buy, bargain over	(Qal) to get by trade, trade, buy, bargain over	a:0.00, b:0.00	a:0.75, b:0.00
H3756	9	OWN	H3756	H3756	H3756G	Carmi	Carmi	A man of the tribe of Judah living at the time of Egypt and Wilderness	A man of the tribe of Reuben living at the time of Egypt and Wildernes		
H3760	7	OWN	H3760	H3760	H3760G	Carmel	Carmel	§ Carmel = "garden-land"   a mountain on the Mediterranean coast of no	§ Carmel = "garden-land"    a town in the mountains on the west side o		
H3772	288	OWN	H3772	H3772	H3772G	to cut: cut	to cut: cut	: lack 1) to cut, cut off, cut down, cut off a body part, cut out, eli	: cut/fell 1) to cut, cut off, cut down, cut off a body part, cut out,		
H3774	10	OWN	H3774	H3774	H3774G	Cherethite	Cherethite	A group, first mentioned at 2Sa.8.18; also called Carite at 2Ki.11.4,1	Someone descended from Chereth(?), first mentioned at 1Sa.30.14  § Che		
H3794	8	OWN	H3794	H3794	H3794G	Kittim	Kittim	§ Chittim or Kittim = "bruisers"   a general term for all islanders of	Someone descended from Kittim of the Greeks, first mentioned at Gen.10		
H3820	600	AUTO	H3820a	H3820a	H3820A	heart	heart	1) inner man, mind, will, heart, understanding 1a) inner part, midst 1	1) inner man, mind, will, heart, understanding 1a) inner part, midst 1	a:0.84, b:0.00	a:0.94, b:0.84
H3823	3	CURATE	H3823a	H3823a	H3823A	to encourage	to encourage	1) to ravish, become intelligent, get a mind 1a) (Niphal) to take hear	1) to ravish, become intelligent, get a mind 1a) (Niphal) to take hear	a:0.00, b:0.00	a:1.00, b:0.00
H3833	11	AUTO	H3833a	H3833b	H3833B	lion	lioness	lion	lioness Another spelling of la.vi (לָבִיא "lion" H3833C)	a:0.36, b:0.64, c:0.36	a:0.36, b:1.00, c:1.00
H3835	5	CURATE	H3835a	H3835a	H3835A	to whiten	to whiten	1) to be white 1a) (Hiphil) 1a1) to make white, become white, purify 1	1) to be white 1a) (Hiphil) 1a1) to make white, become white, purify 1	a:0.00, b:0.00	a:0.40, b:0.00
H3841	18	OWN	H3841	H3841	H3841G	Libnah	Libnah	§ Libnah = "pavement"   a royal city of the Canaanites in the southwes	§ Libnah = "pavement" a station between Sinai and Kadesh of Israel dur		
H3844	71	OWN	H3844	H3844	H3844G	Lebanon	Lebanon	Combined with ba.yit (בַּ֫יִת "House" H1004K)  § Lebanon = "whiteness"	§ Lebanon = "whiteness"  a wooded mountain range on the northern borde		
H3845	6	OWN	H3845	H3845	H3845G	Libni	Libni	A man of the tribe of Levi living at the time of Egypt and Wilderness,	A man of the tribe of Levi living at the time of Egypt and Wilderness,		
H3856	1	OVERRIDE	H3856a	H3856b	H3856B	to languish	to amaze	(Qal) to languish, faint	1) to amaze, startle 1a) (Hithpalpel) madman (subst)	a:0.00, b:0.00	a:0.00, b:1.00
H3866	3	OWN	H3866	H3866	H3866G	Ludite	Ludite	Someone descended from Lud, a man living at the time of the Patriarchs	Someone descended from Egypt (H4714), first mentioned at Gen.10.13; al		
H3867	12	AUTO	H3867a	H3867a	H3867A	to join	to join	1) to join, be joined 1a) (Qal) to join, be joined, attend 1b) (Niphal	1) to join, be joined 1a) (Qal) to join, be joined, attend 1b) (Niphal	a:0.92, b:0.00	a:0.92, b:0.00
H3870	8	OWN	H3870	H3870	H3870G	Luz	Luz	Luz = "almond tree"   the early name of Bethel and probably the name o	§ Luz = "almond tree"   the name of a town in the land of the Hittites		
H3885	15	AUTO	H3885a	H3885b	H3885B	to lodge	to grumble	1) to lodge, stop over, pass the night, abide 1a) (Qal) 1a1) to lodge,	1) to grumble, complain, murmur 1a) (Niphal) to grumble, murmur 1b) (H	a:0.00, b:0.93	a:0.00, b:0.93
H3895	20	OWN	H3895	H3895	H3895H	Lehi	jaw	1) jaw, cheek 1a) jaw, jawbone (of animal) 1b) cheek (of man)	1) jaw, cheek 1a) jaw, jawbone (of animal) 1b) cheek (of man)		
H3898	171	AUTO	H3898a	H3898a	H3898A	to fight	to fight	1) to fight, do battle, make war 1a) (Qal) to fight, do battle 1b) (Ni	1) to fight, do battle, make war 1a) (Qal) to fight, do battle 1b) (Ni	a:0.60, b:0.00	a:0.64, b:0.00
H3899	297	OWN	H3899	H3899	H3899G	food	food	: allowance 1) bread, food, grain 1a) bread 1a1) bread 1a2) bread-corn	: food(eating) 1) bread, food, grain 1a) bread 1a1) bread 1a2) bread-c		
H3919	2	AUTO	H3919a	H3919a	H3919A	Laish	Laish	Laish = "lion"  an early name for Dan, a town in northern Israel Anoth	Laish = "lion"  an early name for Dan, a town in northern Israel Anoth	a:1.00, b:1.00, c:0.00	a:1.00, b:1.00, c:1.00
H3925	86	OWN	H3925	H3925	H3925G	to learn: teach	to learn: teach	: learn 1) to learn. teach, exercise in 1a) (Qal) to learn 1b) (Piel) 	: teach 1) to learn. teach, exercise in 1a) (Qal) to learn 1b) (Piel) 		
H3929	11	OWN	H3929	H3929	H3929G	Lamech	Lamech	A man living at the time before the Flood, first mentioned at Gen.5.25	A man living at the time before the Flood, first mentioned at Gen.4.18		
H3936	7	OWN	H3936	H3936	H3936G	Ladan	Ladan	A man of the tribe of Levi living at the time of Egypt and Wilderness,	A man of the tribe of Levi living at the time of Egypt and Wilderness,		
H3947	966	OWN	H3947	H3947	H3947G	to take: take	to take: take	: fire 1) to take, get, fetch, lay hold of, seize, receive, acquire, b	: take 1) to take, get, fetch, lay hold of, seize, receive, acquire, b		
H3956	117	OWN	H3956	H3956	H3956G	tongue	tongue	: bar/projection/bay 1) tongue 1a) tongue (of men) 1a1) tongue (litera	: tongue/words 1) tongue 1a) tongue (of men) 1a1) tongue (literal) 1a2		
H3988	74	AUTO	H3988a	H3988a	H3988A	to reject	to reject	1) to reject, despise, refuse 1a) (Qal) 1a1) to reject, refuse 1a2) to	1) to reject, despise, refuse 1a) (Qal) 1a1) to reject, refuse 1a2) to	a:0.77, b:0.00	a:0.96, b:0.00
H4017	3	OWN	H4017	H4017	H4017G	Mibsam	Mibsam	A man of the tribe of Simeon living at the time of Divided Monarchy, o	A man of the Arabs living at the time of the Patriarchs, first mention		
H4024	6	AUTO	H4024a	H4024b	H4024B	tower	Migdol	tower	§ Migdol = "tower"  a fortified city on the Egyptian border	a:0.00, b:1.00	a:0.00, b:1.00
H4026	45	OWN	H4026	H4026	H4026M	(Hananel) Tower	tower	1) tower 1a) tower 1b) elevated stage, pulpit 1c) raised bed	1) tower 1a) tower 1b) elevated stage, pulpit 1c) raised bed		
H4031	4	OWN	H4031	H4031	H4031G	Magog	Magog	Magog = "land of Gog"   the mountainous region between Cappadocia and 	A man living at the time of the Patriarchs, first mentioned at Gen.10.		
H4057	270	AUTO	H4057a	H4057b	H4057B	mouth	wilderness	1) mouth 1a) mouth (as organ of speech)	1) wilderness 1a) pasture 1b) uninhabited land, wilderness 1c) large t	a:0.00, b:0.86	a:0.00, b:0.86
H4060	55	AUTO	H4060a	H4060a	H4060A	measure	measure	1) measure, measurement, stature, size, garment 1a) measure, act of me	1) measure, measurement, stature, size, garment 1a) measure, act of me	a:0.38, b:0.00	a:0.76, b:0.00
H4060a	1	OWN	H4060a	H4060a	H4060A	measure	measure	A man living at the time of United Monarchy, first mentioned at 2Sa.21	1) measure, measurement, stature, size, garment 1a) measure, act of me		
H4074	16	OWN	H4074	H4074	H4074G	Madai	Madai	also called Mede frequently Group of me.dan (מְדָן "Medan" H4091)  § M	A man living at the time of the Patriarchs, first mentioned at Gen.10.		
H4076	6	OWN	H4076	H4076	H4076G	Mede	Mede	Aramaic of ma.day (מָדַי "Media" H4074H)  § Medes = "middle land"   th	also called Mede frequently Aramaic of me.dan (מְדָן "Medan" H4091)  §		
H4080	59	OWN	H4080	H4080	H4080G	Midian	Midian	§ Midian or Midianite = "strife"   the tribe descended from Midian  in	A man living at the time of the Patriarchs, first mentioned at Gen.25.		
H4089	1	OWN	H4089	H4089	H4089G	Madmannah	Madmannah	A man of the tribe of Judah  living at the time of Divided Monarchy, o	Madmannah = "dunghill"   one of the towns in the south district of Jud		
H4105	3	OWN	H4105	H4105	H4105G	Mehetabel	Mehetabel	A man living at the time of Exile and Return, only mentioned at Neh.6.	A woman living at the time of the Patriarchs, first mentioned at Gen.3		
H4111	7	OWN	H4111	H4111	H4111G	Mahalalel	Mahalalel	A man living at the time of Exile and Return, only mentioned at Neh.11	A man living at the time before the Flood, first mentioned at Gen.5.12		
H4116	67	CURATE	H4116a	H4116a	H4116A	to hasten	to hasten	1)(Qal) to hasten 1a) (Niphal) to be hurried, be anxious 1a) hasty, pr	1)(Qal) to hasten 1a) (Niphal) to be hurried, be anxious 1a) hasty, pr	a:0.03, b:0.00	a:0.70, b:0.00
H4118	14	AUTO	H4118a	H4118a	H4118A	quick	quick	adj  hurrying, speedy, swift, hastening	adj  hurrying, speedy, swift, hastening	a:0.71, b:0.71	a:0.71, b:0.71
H4124	180	OWN	H4124	H4124	H4124G	Moab	Moab	Combined with a.ra.vah (עֲרָבָה " Plains" H6160I)  § Moab = "of his fa	Moab = "of his father"   the nation descended from the son of Lot  Als		
H4148	50	OWN	H4148	H4148	H4148G	discipline	discipline	: bonds/noose 1) discipline, chastening, correction 1a) discipline, co	: discipline/punishment 1) discipline, chastening, correction 1a) disc		
H4149	1	AUTO	H4149a	H4149a	H4149A	Moserah	Moserah	§ Mosera or Moseroth = "bonds"  a place near Mount Hor where Aaron die	§ Mosera or Moseroth = "bonds"  a place near Mount Hor where Aaron die	a:1.00, b:0.00	a:1.00, b:0.00
H4150	223	OWN	H4150	H4150	H4150G	meeting: time appointed	meeting: time appointed	: signal_appointed 1) appointed place, appointed time, meeting 1a) app	: time_appointed 1) appointed place, appointed time, meeting 1a) appoi		
H4162	5	OWN	H4162	H4162	H4162G	Moza	Moza	A man of the tribe of Benjamin living at the time of Divided Monarchy,	A man of the tribe of Judah living at the time of Egypt and Wilderness		
H4176	3	OWN	H4176	H4176	H4176G	Moreh	Moreh	§ Moreh = "teacher"   the hill in the valley of Jezreel at which the M	§ Moreh = "teacher"   the oak tree at Shechem where Abram stopped when		
H4217	74	OWN	H4217	H4217	H4217H	East (Gate)	east	1) place of sunrise, east 1a) sunrise, east (with 'sun') 1b) the east 	1) place of sunrise, east 1a) sunrise, east (with 'sun') 1b) the east 		
H4224	1	AUTO	H4224a	H4224a	H4224A	hiding-place	hiding-place	hiding place Another spelling of ma.cha.bo (מַחֲבֹא "refuge" H4224B)	hiding place Another spelling of ma.cha.bo (מַחֲבֹא "refuge" H4224B)	a:1.00, b:0.00	a:1.00, b:1.00
H4229	34	AUTO	H4229a	H4229a	H4229A	to wipe	to wipe	1) to wipe, wipe out 1a) (Qal) 1a1) to wipe 1a2) to blot out, oblitera	1) to wipe, wipe out 1a) (Qal) 1a1) to wipe 1a2) to blot out, oblitera	a:0.23, b:0.00, c:0.00	a:0.85, b:0.00, c:0.00
H4244	5	OWN	H4244	H4244	H4244G	Mahlah	Mahlah	A woman of the tribe of Manasseh living at the time of Divided Monarch	A woman of the tribe of Manasseh living at the time of Egypt and Wilde		
H4249	12	OWN	H4249	H4249	H4249G	Mahli	Mahli	A man of the tribe of Levi living at the time of Egypt and Wilderness,	A man of the tribe of Levi living at the time of Egypt and Wilderness,		
H4258	2	OWN	H4258	H4258	H4258G	Mahalath	Mahalath	A woman of the tribe of Judah living at the time of Divided Monarchy, 	A woman of the Arabs living at the time of the Patriarchs, first menti		
H4287	3	OWN	H4287	H4287	H4287G	Mahath	Mahath	A man of the tribe of Levi living at the time of Divided Monarchy, fir	A man living at the time of Divided Monarchy, only mentioned at 2Ch.29		
H4294	252	OWN	H4294	H4294	H4294G	tribe: rod	tribe: rod	: supply 1) staff, branch, tribe 1a) staff, rod, shaft 1b) branch (of 	: rod/staff 1) staff, branch, tribe 1a) staff, rod, shaft 1b) branch (		
H4307	16	OWN	H4307	H4307	H4307H	(Gate of the) Guard	guardhouse	1) guard, ward, prison, mark, target 1a) guard, ward, prison 1b) targe	1) guard, ward, prison, mark, target 1a) guard, ward, prison 1b) targe		
H4316	4	OWN	H4316	H4316	H4316G	Mica	Mica	A man of the tribe of Benjamin living at the time of United Monarchy, 	A man of the tribe of Levi  living at the time of Exile and Return, fi		
H4317	13	OWN	H4317	H4317	H4317G	Michael	Michael	A man living at the time of Exile and Return, first mentioned at Dan.1	A man living at the time of Egypt and Wilderness, only mentioned at Nu		
H4318	33	OWN	H4318	H4318	H4318G	Micah	Micah	A prophet living at the time of Divided Monarchy, first mentioned at 1	A man living before Israel's Monarchy, first mentioned at Jdg.17.1 Als		
H4320	3	OWN	H4320	H4320	H4320G	Micaiah	Micaiah	A prophet living at the time of Divided Monarchy, first mentioned at J	A man living at the time of Divided Monarchy, first mentioned at 2Ki.2		
H4321	21	OWN	H4321	H4321	H4321G	Micaiah	Micaiah	A man living before Israel's Monarchy, first mentioned at Jdg.17.1 Ano	A prophet living at the time of Divided Monarchy, first mentioned at 1		
H4322	2	OWN	H4322	H4322	H4322G	Micaiah	Micaiah	A woman of the tribe of Judah living at the time of United Monarchy, f	A man living at the time of Divided Monarchy, only mentioned at 2Ch.17		
H4324	18	OWN	H4324	H4324	H4324G	Michal	Michal	A woman of the tribe of Benjamin living at the time of United Monarchy	A woman of the tribe of Benjamin living at the time of United Monarchy		
H4325	581	OWN	H4325	H4325	H4325G	water	water	This name means water, refreshment	1) water, waters 1a) water 1b) water of the feet, urine 1c) of danger,		
H4326	4	OWN	H4326	H4326	H4326G	Mijamin	Mijamin	A man living at the time of Exile and Return, first mentioned at Neh.1	A man living at the time of Divided Monarchy, only mentioned at 1Ch.24		
H4332	7	OWN	H4332	H4332	H4332G	Mishael	Mishael	A man living at the time of Exile and Return, first mentioned at Dan.1	A man of the tribe of Levi living at the time of Egypt and Wilderness,		
H4353	22	OWN	H4353	H4353	H4353G	Machir	Machir	A man living at the time of United Monarchy, first mentioned at 2Sa.9.	A man of the tribe of Manasseh living at the time of Egypt and Wildern		
H4397	213	OWN	H4397	H4397	H4397G	messenger	messenger	: angel 1) messenger, representative 1a) messenger 1b) angel 1c) the t	: messenger 1) messenger, representative 1a) messenger 1b) angel 1c) t		
H4409	6	AUTO	H4409a	H4409a	H4409A	Malluch	Malluch	A man living at the time of Exile and Return, only mentioned at Neh.10	A man living at the time of Exile and Return, only mentioned at Neh.10	a:1.00, b:0.00	a:1.00, b:1.00
H4414	1	NO_SIGNAL	H4414a	H4414a	H4414A	to dissipate	to dissipate	1) to tear away, dissipate 1a) (Niphal) to be dispersed, be dissipated	1) to tear away, dissipate 1a) (Niphal) to be dispersed, be dissipated	a:0.00, b:0.00	a:0.00, b:0.00
H4417	24	OWN	H4417	H4417	H4417M	Salt (Sea)	salt	salt	salt		
H4427	347	AUTO	H4427a	H4427a	H4427A	to reign	to reign	1) to be or become king or queen, reign 1a) (Qal) to be or become king	1) to be or become king or queen, reign 1a) (Qal) to be or become king	a:0.49, b:0.00	a:0.99, b:0.00
H4428	2523	OWN	H4428	H4428	H4428G	king	king	King's (Valley) (Gen.14.17)	1) king  Aramaic equivalent: me.lekh (מֶ֫לֶךְ "king" H4430)		
H4435	11	OWN	H4435	H4435	H4435G	Milcah	Milcah	A woman of the tribe of Manasseh living at the time of Egypt and Wilde	A woman living at the time of the Patriarchs, first mentioned at Gen.1		
H4436	35	OWN	H4436	H4436	H4436H	Queen (of Sheba)	queen	queen Aramaic equivalent: mal.kah (מַלְכָּה "queen" H4433)	queen Aramaic equivalent: mal.kah (מַלְכָּה "queen" H4433)		
H4441	15	OWN	H4441	H4441	H4441G	Malchijah	Malchijah	A man living at the time of Divided Monarchy, first mentioned at Jer.2	A man of the tribe of Levi living at the time of Divided Monarchy, onl		
H4445	1	AUTO	H4445a	H4445a	H4445A	Malcam	Malcam	A man of the tribe of Benjamin  living at the time of Divided Monarchy	A man of the tribe of Benjamin  living at the time of Divided Monarchy	a:1.00, b:0.00	a:1.00, b:0.00
H4448	4	AUTO	H4448a	H4448a	H4448A	to speak	to speak	1) to speak, utter, say 1a) (Qal) to speak 1b) (Piel) to say, utter Ar	1) to speak, utter, say 1a) (Qal) to speak 1b) (Piel) to say, utter Ar	a:0.25, b:0.00	a:0.75, b:0.00
H4455	7	AUTO	H4455a	H4455a	H4455A	prey	prey	booty, prey	booty, prey	a:0.29, b:0.00	a:0.71, b:0.00
H4471	2	OWN	H4471	H4471	H4471G	Mamre	Mamre	A man living at the time of the Patriarchs, only mentioned at Gen.14.1	§ Mamre = "strength" or "fatness"   an oak grove on Mamre's land in Pa		
H4478	13	AUTO	H4478a	H4478a	H4478A	manna	manna	1) manna 1a) the bread from Heaven that fed the Israelites for 40 year	1) manna 1a) the bread from Heaven that fed the Israelites for 40 year	a:1.00, b:0.00	a:1.00, b:0.00
H4480	7559	AUTO	H4480a	H4480a	H4480A	from	from	prep 1) from, out of, on account of, off, on the side of, since, above	prep 1) from, out of, on account of, off, on the side of, since, above	a:0.61, b:0.00	a:0.66, b:0.00
H4496	21	OWN	H4496	H4496	H4496H	Nohah	resting	1) resting place, rest 1a) resting place 1b) rest, quietness Also mean	1) resting place, rest 1a) resting place 1b) rest, quietness Also mean		
H4503	211	OWN	H4503	H4503	H4503G	offering	offering	: tribute 1) gift, tribute, offering, present, oblation, sacrifice, me	: offering/sacrifice 1) gift, tribute, offering, present, oblation, sa		
H4506a	1	OWN	H4506a	H4506a	H4506A	Manahath	Manahath	People descended from Menuh(?), only mentioned at 1Ch.2.52  § Manahath	Manahath = "rest"  a place in Benjamin Also named: me.nu.chah (מְנוּחָ		
H4509	3	OWN	H4509	H4509	H4509G	Miniamin	Miniamin	A man living at the time of Exile and Return, first mentioned at Neh.1	A man living at the time of Divided Monarchy, only mentioned at 2Ch.31		
H4519	146	OWN	H4519	H4519	H4519G	Manasseh	Manasseh	A man of the tribe of Levi living at the time of Egypt and Wilderness,	A man of the tribe of Manasseh  living at the time of the Patriarchs, 		
H4531	3	AUTO	H4531a	H4531b	H4531B	despair	trial	despair	testing, proving, trial	a:0.00, b:1.00	a:0.00, b:1.00
H4541	26	CURATE	H4541a	H4541a	H4541A	liquid	liquid	1) a pouring, libation, molten metal, cast image, drink offering 1a) l	1) a pouring, libation, molten metal, cast image, drink offering 1a) l	a:0.00, b:0.00	a:0.96, b:0.00
H4551	1	OVERRIDE	H4551a	H4551b	H4551B	quarry	missile	quarry, quarrying, breaking out (of stones)	missile, dart	a:0.00, b:0.00	a:0.00, b:1.00
H4584	2	OWN	H4584	H4584	H4584G	Maon	Maon	A man of the tribe of Judah  living at the time of Divided Monarchy, f	§ Maon or Maonites = "habitation"  a city of Judah located 8 miles sou		
H4586	4	OWN	H4586	H4586	H4586G	Meunite	Meunite	People descended from Mehun(?), first mentioned at Ezr.2.50  § Mehunim	People descended from Meunit(?) of the Canaanites, first mentioned at 		
H4590	1	OWN	H4590	H4590	H4590G	Maaziah	Maaziah	A man living at the time of Exile and Return, first mentioned at Neh.1	A man living at the time of Divided Monarchy, only mentioned at 1Ch.24		
H4601	18	OWN	H4601	H4601	H4601G	Maacah	Maacah	Maachah = "oppression"  a city with a king that continued within Israe	A man living at the time of the Patriarchs, only mentioned at Gen.22.2		
H4609	47	AUTO	H4609a	H4609b	H4609B	thought	step	what comes up, thoughts	1) step, stair 1a) step, stair 1b) steps (of sundial) 1c) stories (of 	a:0.02, b:0.53	a:0.02, b:0.85
H4629	1	OWN	H4629	H4629	H4629H	Maareh	gap	1) bare space, open plain 2) (TWOT) nakedness	1) bare space, open plain 2) (TWOT) nakedness		
H4639	235	OWN	H4639	H4639	H4639G	deed: work	deed: work	: deed 1) deed, work 1a) deed, thing done, act 1b) work, labour 1c) bu	: work/product 1) deed, work 1a) deed, thing done, act 1b) work, labou		
H4641	16	OWN	H4641	H4641	H4641G	Maaseiah	Maaseiah	A man living at the time of Divided Monarchy, only mentioned at Jer.35	A man living at the time of Divided Monarchy, first mentioned at 1Ch.1		
H4648	18	OWN	H4648	H4648	H4648G	Mephibosheth	Mephibosheth	A man of the tribe of Benjamin living at the time of United Monarchy, 	A man of the tribe of Benjamin living at the time of United Monarchy, 		
H4659	1	AUTO	H4659a	H4659a	H4659A	work	work	work, thing made	work, thing made	a:1.00, b:0.00	a:1.00, b:0.00
H4662	4	OWN	H4662	H4662	H4662H	Muster (Gate)	appointment	1) muster, appointment, appointed place 1a) muster (of people) 1b) app	1) muster, appointment, appointed place 1a) muster (of people) 1b) app		
H4685	2	AUTO	H4685a	H4685b	H4685B	siegework	net	siege-works, bulwark	hunting implement, net Also means: me.tso.dah (מְצוֹדָה "net" H4685C)	a:0.00, b:0.50, c:0.50, d:0.00	a:0.00, b:0.50, c:0.50, d:0.00
H4686	3	CURATE	H4686a	H4686a	H4686A	net	net	1) net, prey, net prey 1a) net 1b) prey	1) net, prey, net prey 1a) net 1b) prey	a:0.00, b:0.00	a:0.33, b:0.00
H4708	7	OWN	H4708	H4708	H4708G	Mizpeh	Mizpeh	Mizpeh = "watchtower"  a place in Gilead Another name of ra.mot gi.l.a	§ Mizpeh = "watchtower"   a city in the district of the Shephelah or l		
H4709	40	OWN	H4709	H4709	H4709G	Mizpah	Mizpah	§ Mizpah = "watchtower"   a place near Mount Hermon	§ Mizpah = "watchtower" a place in Gilead south of Jabbok		
H4714	681	OWN	H4714	H4714	H4714G	Egypt	Egypt	Combined with shi.chor (שִׁיחוֹר "Shihor" H7883)  § Egypt = "land of t	§ Egypt = "land of the Copts"  a country at the northeastern section o		
H4718	1	OVERRIDE	H4718a	H4718b	H4718B	hammer	hole	hammer, perforator Also means: maq.qa.vah (מַקָּבָה "hammer" H4717)	hole, excavation, perforation	a:0.00, b:0.00	a:0.00, b:1.00
H4723	5	AUTO	H4723a	H4723b	H4723B	Kue	hope	§ (CLBL) Kue, a place in Cilicia from which Solomon imported horses	1) hope 1a) hope 1b) ground of hope 1c) things hoped for, outcome	a:0.00, b:1.00, c:0.00	a:0.00, b:1.00, c:0.00
H4732	4	OWN	H4732	H4732	H4732G	Mikloth	Mikloth	A man living at the time of Divided Monarchy, only mentioned at 1Ch.27	A man of the tribe of Benjamin living at the time of United Monarchy, 		
H4740	12	OWN	H4740	H4740	H4740H	Angle	corner	1) place of corner structure, corner buttress, inner corner-buttress 1	1) place of corner structure, corner buttress, inner corner-buttress 1		
H4759	11	AUTO	H4759a	H4759a	H4759A	vision	vision	1) vision 1a) mode of revelation	1) vision 1a) mode of revelation	a:1.00, b:0.00	a:1.00, b:0.00
H4762	2	OWN	H4762	H4762	H4762G	Mareshah	Mareshah	A man of the tribe of Judah living at the time of Divided Monarchy, on	§ Mareshah = "crest of a hill"  one of the cities in the lowlands of J		
H4782	60	OWN	H4782	H4782	H4782G	Mordecai	Mordecai	A man living at the time of Exile and Return, first mentioned at Est.2	A man living at the time of Exile and Return, first mentioned at Ezr.2		
H4805	23	OWN	H4805	H4805	H4805H	Egypt	rebellion	1) rebellion 1a) rebellion 1b) rebellious (in construct)	1) rebellion 1a) rebellion 1b) rebellious (in construct)		
H4809	11	OWN	H4809	H4809	H4809G	Meribah	Meribah	§ Meribah = "strife" or "contention"   1) a fountain at Rephidim, in t	§ Meribah = "strife" or "contention"  1) a fountain at Rephidim, in th		
H4812	7	OWN	H4812	H4812	H4812G	Meraioth	Meraioth	A man living at the time of Exile and Return, first mentioned at Ezr.8	A man of the tribe of Levi living at the time of Divided Monarchy, fir		
H4813	15	OWN	H4813	H4813	H4813G	Miriam	Miriam	A woman of the tribe of Judah(?) living at the time of Divided Monarch	A woman of the tribe of Levi living at the time of Egypt and Wildernes		
H4822	6	OWN	H4822	H4822	H4822G	Meremoth	Meremoth	A man living at the time of Exile and Return, only mentioned at Ezr.10	A man living at the time of Exile and Return, first mentioned at Ezr.8		
H4853	44	AUTO	H4853a	H4853a	H4853A	burden	burden	1) load, bearing, tribute, burden, lifting 1a) load, burden 1b) liftin	1) load, bearing, tribute, burden, lifting 1a) load, burden 1b) liftin	a:0.48, b:0.00	a:0.89, b:0.48
H4869	17	AUTO	H4869a	H4869a	H4869A	high refuge	high refuge	1) high place, refuge, secure height, retreat 1a) stronghold 1b) refug	1) high place, refuge, secure height, retreat 1a) stronghold 1b) refug	a:0.12, b:0.00	a:0.94, b:0.00
H4888	22	AUTO	H4888a	H4888a	H4888A	anointing	anointing	1) ointment (used to consecrate by anointing) 2) anointing portion	1) ointment (used to consecrate by anointing) 2) anointing portion	a:1.00, b:0.00	a:1.00, b:0.00
H4893	2	NO_SIGNAL	H4893a	H4893a	H4893A	mutilation	mutilation	disfigurement (of face)	disfigurement (of face)	a:0.00, b:0.00	a:0.00, b:0.00
H4898	3	OWN	H4898	H4898	H4898G	Meshezabel	Meshezabel	A man living at the time of Exile and Return, only mentioned at Neh.11	A man living at the time of Exile and Return, only mentioned at Neh.3.		
H4902	9	OWN	H4902	H4902	H4902G	Meshech	Meshech	A man of the Syrians living at the time of the Patriarchs, first menti	A man living at the time of the Patriarchs, first mentioned at Gen.10.		
H4911	17	CURATE	H4911a	H4911a	H4911A	to liken	to liken	1) to represent, liken, be like 1a) (Niphal) to liken, be like, be sim	1) to represent, liken, be like 1a) (Niphal) to liken, be like, be sim	a:0.00, b:0.18	a:0.41, b:0.23
H4915	2	AUTO	H4915a	H4915b	H4915B	likeness	dominion	likeness, one like, similitude	dominion	a:0.00, b:1.00	a:0.00, b:1.00
H4918	25	OWN	H4918	H4918	H4918G	Meshullam	Meshullam	A man living at the time of Exile and Return, only mentioned at Neh.12	A man living at the time of Divided Monarchy, only mentioned at 2Ki.22		
H4919	3	OWN	H4919	H4919	H4919G	Meshillemoth	Meshillemoth	A man of the tribe of Levi  living at the time of Exile and Return, fi	A man living at the time of Divided Monarchy, only mentioned at 2Ch.28		
H4924	4	CURATE	H4924a	H4924a	H4924A	fat	fat	fatness, fat, fertile place	fatness, fat, fertile place	a:0.25, b:0.25, c:0.25	a:0.25, b:0.50, c:0.25
H4927	4	OWN	H4927	H4927	H4927G	Mishma	Mishma	A man of the tribe of Simeon living at the time of Divided Monarchy, f	A man of the Arabs living at the time of the Patriarchs, first mention		
H4932	35	OWN	H4932	H4932	H4932H	Second [Quarter]	second	1) double, copy, second, repetition 1a) double 1b) copy (of law) 1c) s	1) double, copy, second, repetition 1a) double 1b) copy (of law) 1c) s		
H4938	1	AUTO	H4938a	H4938a	H4938A	support	support	support	support	a:1.00, b:0.00	a:1.00, b:0.00
H4941	422	OWN	H4941	H4941	H4941G	justice: judgement	justice: judgement	Combined with u.lam (אוּלָם "Hall" H0197H)  This name means  judgment,	: judgement/punishment 1) judgment, justice, ordinance 1a) judgment 1a		
H4945	19	AUTO	H4945a	H4945a	H4945A	cupbearer	cupbearer	butler, cup-bearer	butler, cup-bearer	a:0.63, b:0.00	a:0.63, b:0.16
H4977	3	OWN	H4977	H4977	H4977G	Mattan	Mattan	A man living at the time of Divided Monarchy, only mentioned at Jer.38	A man living at the time of Divided Monarchy, first mentioned at 2Ki.1		
H4982	3	OWN	H4982	H4982	H4982G	Mattenai	Mattenai	A man living at the time of Exile and Return, only mentioned at Neh.12	A man living at the time of Exile and Return, only mentioned at Ezr.10		
H4983	13	OWN	H4983	H4983	H4983G	Mattaniah	Mattaniah	A king of the tribe of Judah living at the time of Divided Monarchy, f	A man of the tribe of Levi  living at the time of Exile and Return, fi		
H4990	2	OWN	H4990	H4990	H4990G	Mithredath	Mithredath	A man living at the time of Exile and Return, only mentioned at Ezr.4.	A man living at the time of Exile and Return, only mentioned at Ezr.1.		
H4993	4	OWN	H4993	H4993	H4993G	Mattithiah	Mattithiah	A man living at the time of Exile and Return, only mentioned at Neh.8.	A man of the tribe of Levi  living at the time of Exile and Return, on		
H5015a	1	OWN	H5015a	H5015a	H5015A	Nebo	Nebo	Nebo = "prophet"  the mountain where Moses died; located east of the J	§ Nebo = "prophet"  a city in Moab and at one time assigned to Reuben;		
H5025	1	OWN	H5025	H5025	H5025G	Nobah	Nobah	Nobah = "barking" a place in Gilead which comprised the towns of Kenat	A man living at the time of Egypt and Wilderness, first mentioned at N		
H5034	20	AUTO	H5034a	H5034b	H5034B	be senseless	to wither	1) to be senseless, be foolish 1a) (Qal) to be foolish 1b) (Piel) 1b1)	1) to sink or drop down, languish, wither and fall, fade 1a) (Qal) 1a1	a:0.00, b:0.55	a:0.00, b:0.75
H5035	11	CURATE	H5035a	H5035a	H5035A	bag	bag	1) a skin-bag, jar, pitcher 1a) skin-bottle, skin 1b) jar, pitcher (ea	1) a skin-bag, jar, pitcher 1a) skin-bottle, skin 1b) jar, pitcher (ea	a:0.00, b:0.00	a:0.82, b:0.00
H5045	110	OWN	H5045	H5045	H5045G	Negeb	Negeb	A sub-meaning of ne.gev (נֶ֫גֶב "Negeb" H5045)  § 1) south-country, Ne	region of southern Judah  Also named: ne.gev (נֶ֫גֶב "south" H5045H)  		
H5066	125	OWN	H5066	H5066	H5066G	to approach: approach	to approach: approach	: bring/offer 1) to draw near, approach 1a) (Qal) to draw or come near	: approach 1) to draw near, approach 1a) (Qal) to draw or come near 1a		
H5070	20	OWN	H5070	H5070	H5070G	Nadab	Nadab	A man of the tribe of Benjamin living at the time of United Monarchy, 	A man of the tribe of Levi living at the time of Egypt and Wilderness,		
H5077	2	OVERRIDE	H5077a	H5077b	H5077B	to drive away	to put away	(Hiphil) exclude, drive away, thrust aside	(Piel) cast out, put away	a:0.00, b:0.50	a:0.50, b:0.50
H5081	25	OWN	H5081	H5081	H5081G	noble: willing	noble: willing	: noble  n m 1) noble one adj 2) inclined, willing, noble, generous 1a	: willing  n m 1) noble one adj 2) inclined, willing, noble, generous 		
H5090	30	AUTO	H5090a	H5090a	H5090A	to lead	to lead	1) to drive, lead, guide, conduct 1a) (Qal) 1a1) to drive, lead on, dr	1) to drive, lead, guide, conduct 1a) (Qal) 1a1) to drive, lead on, dr	a:0.17, b:0.00	a:0.53, b:0.00
H5102	3	CURATE	H5102a	H5102a	H5102A	to flow	to flow	1) to flow, stream 1a) (Qal) to flow, stream	1) to flow, stream 1a) (Qal) to flow, stream	a:0.00, b:0.00	a:1.00, b:0.00
H5103	15	OWN	H5103	H5103	H5103G	River	River	river Aramaic of na.har (נָהָר "river" H5104H)	The River  Aramaic of pe.rat (פְּרָת "Euphrates" H6578)		
H5104	119	OWN	H5104	H5104	H5104H	River	river	1) stream, river 1a) stream, river 1b) (underground) streams Aramaic e	1) stream, river 1a) stream, river 1b) (underground) streams Aramaic e		
H5115	1	OVERRIDE	H5115a	H5115b	H5115B	to beautify	to dwell	1) to beautify 1a) (Hiphil) to beautify, adorn	(Qal) to dwell, abide, keep at home	a:0.00, b:0.00	a:0.00, b:0.00
H5116	34	AUTO	H5116a	H5116a	H5116A	pasture	pasture	1) abode, habitation, abode of shepherds or flocks, pasture 1a) abode 	1) abode, habitation, abode of shepherds or flocks, pasture 1a) abode 	a:0.38, b:0.12	a:0.59, b:0.12
H5129	2	OWN	H5129	H5129	H5129G	Noadiah	Noadiah	A woman living at the time of Exile and Return, only mentioned at Neh.	A man living at the time of Exile and Return, only mentioned at Ezr.8.		
H5130	34	AUTO	H5130a	H5130b	H5130B	to sprinkle	to wave	1) to sprinkle 1a) (Qal) to besprinkle, sprinkle	1) to move to and fro, wave 1a) (Qal) to move 1b) (Polel) to wave, bra	a:0.00, b:0.53	a:0.00, b:0.65
H5132	1	NO_SIGNAL	H5132a	H5132a	H5132A	to flee	to flee	(Qal) to fly, flee	(Qal) to fly, flee	a:0.00, b:0.00	a:0.00, b:0.00
H5137	24	AUTO	H5137a	H5137a	H5137A	to sprinkle	to sprinkle	1) to spurt, spatter, sprinkle 1a) (Qal) to spurt, spatter 1b) (Hiphil	1) to spurt, spatter, sprinkle 1a) (Qal) to spurt, spatter 1b) (Hiphil	a:0.83, b:0.00	a:0.96, b:0.00
H5144	10	CURATE	H5144a	H5144a	H5144A	to dedicate	to dedicate	1) to dedicate, consecrate, separate 1a) (Niphal) to dedicate oneself,	1) to dedicate, consecrate, separate 1a) (Niphal) to dedicate oneself,	a:0.00, b:0.00	a:0.50, b:0.00
H5152	18	OWN	H5152	H5152	H5152G	Nahor	Nahor	A man living at the time of the Patriarchs, first mentioned at Gen.11.	A man living at the time of the Patriarchs, first mentioned at Gen.11.		
H5158	139	AUTO	H5158a	H5158a	H5158A	torrent: river	torrent: river	: river/bed 1) torrent, valley, wadi, torrent-valley 1a) torrent 1b) t	: river/bed 1) torrent, valley, wadi, torrent-valley 1a) torrent 1b) t	a:0.55, b:0.00	a:0.99, b:0.00
H5158a	2	OWN	H5158a	H5158a	H5158A	torrent: river	torrent: river	: valley/gorge 1) torrent, valley, wadi, torrent-valley 1a) torrent 1b	: river/bed 1) torrent, valley, wadi, torrent-valley 1a) torrent 1b) t		
H5162	108	OWN	H5162	H5162	H5162G	to be sorry: comfort	to be sorry: comfort	: relent 1) to be sorry, console oneself, repent, regret, comfort, be 	: comfort 1) to be sorry, console oneself, repent, regret, comfort, be		
H5166	8	OWN	H5166	H5166	H5166G	Nehemiah	Nehemiah	A man living at the time of Exile and Return, only mentioned at Neh.3.	A man living at the time of Exile and Return, first mentioned at Ezr.2		
H5176	9	OWN	H5176	H5176	H5176G	Nahash	Nahash	Ir-nahash - a city mentioned only at 1Ch.4.12	A man of the Ammonites living at the time of United Monarchy, first me		
H5178	139	AUTO	H5178a	H5178a	H5178A	bronze	bronze	1) copper, bronze 1a) copper (ore), bronze (as copper alloy) 1b) fette	1) copper, bronze 1a) copper (ore), bronze (as copper alloy) 1b) fette	a:0.97, b:0.00	a:0.99, b:0.00
H5183	1	OVERRIDE	H5183a	H5183b	H5183B	quietness	descent	1) rest, quietness 1a) quietness, quiet attitude 1b) rest (of death)	descent (of judgment)	a:0.00, b:0.00	a:0.00, b:0.00
H5184	5	OWN	H5184	H5184	H5184G	Nahath	Nahath	A man of the tribe of Levi living at the time of United Monarchy, firs	A man of the Edomites living at the time of the Patriarchs, first ment		
H5198	1	OVERRIDE	H5198a	H5198b	H5198B	drop	gum	drop	1) gum, drops of stacte 1a) an aromatic gum resin of a shrub used in i	a:0.00, b:0.00	a:0.00, b:1.00
H5224	8	OWN	H5224	H5224	H5224G	Neco	Neco	A man of the Egyptians living at the time of Divided Monarchy, first m	A man of the Egyptians living at the time of Divided Monarchy, first m		
H5234	43	AUTO	H5234a	H5234a	H5234A	to recognize	to recognize	1) to recognise, acknowledge, know, respect, discern, regard 1a) (Niph	1) to recognise, acknowledge, know, respect, discern, regard 1a) (Niph	a:0.35, b:0.00	a:0.77, b:0.00
H5241	3	OWN	H5241	H5241	H5241G	Nemuel	Nemuel	A man of the tribe of Simeon living at the time of Egypt and Wildernes	A man of the tribe of Reuben living at the time of Egypt and Wildernes		
H5251	21	OWN	H5251	H5251	H5251H	Banner	ensign	1) something lifted up, standard, signal, signal pole, ensign, banner,	1) something lifted up, standard, signal, signal pole, ensign, banner,		
H5254	36	OWN	H5254	H5254	H5254G	to test	to test	: try/attempt 1) to test, try, prove, tempt, assay, put to the proof o	: test 1) to test, try, prove, tempt, assay, put to the proof or test 		
H5257	2	AUTO	H5257a	H5257a	H5257A	libation	libation	1) poured out, libation, molten image  1a) libation, drink-offering 1b	1) poured out, libation, molten image  1a) libation, drink-offering 1b	a:0.50, b:0.00	a:1.00, b:0.00
H5258	25	AUTO	H5258a	H5258a	H5258A	to pour	to pour	1) to pour out, pour, offer, cast 1a) (Qal) 1a1) to pour out 1a2) to c	1) to pour out, pour, offer, cast 1a) (Qal) 1a1) to pour out 1a2) to c	a:0.80, b:0.04	a:0.88, b:0.08
H5273	13	AUTO	H5273a	H5273a	H5273A	pleasant	pleasant	1) pleasant, delightful, sweet, lovely, agreeable 1a) delightful 1b) l	1) pleasant, delightful, sweet, lovely, agreeable 1a) delightful 1b) l	a:0.77, b:0.00	a:0.85, b:0.08
H5274	6	AUTO	H5274a	H5274a	H5274A	to lock	to lock	1) to bar, lock, bolt 1a) (Qal) to bar, lock, bolt	1) to bar, lock, bolt 1a) (Qal) to bar, lock, bolt	a:0.67, b:0.00	a:1.00, b:0.00
H5279a	1	OWN	H5279a	H5279a	H5279A	Naamah	Naamah	A woman living at the time before the Flood, only mentioned at Gen.4.2	A woman of the Ammonites living at the time of United Monarchy, first 		
H5283	16	OWN	H5283	H5283	H5283G	Naaman	Naaman	A man of the tribe of Benjamin living before Israel's Monarchy, only m	A man of the tribe of Benjamin living at the time of Egypt and Wildern		
H5294	3	OWN	H5294	H5294	H5294G	Neariah	Neariah	A man of the tribe of Simeon(?) living at the time of Divided Monarchy	A man of the tribe of Judah living at the time of Divided Monarchy, fi		
H5298	4	OWN	H5298	H5298	H5298G	Nepheg	Nepheg	A man of the tribe of Judah living at the time of United Monarchy, fir	A man of the tribe of Levi living at the time of Egypt and Wilderness,		
H5299	3	OVERRIDE	H5299a	H5299b	H5299B	sieve	height	sieve, winnowing implement	a lofty place, height	a:0.00, b:0.00	a:0.00, b:0.00
H5307	434	OWN	H5307	H5307	H5307G	to fall: fall	to fall: fall	: presenting 1) to fall, lie, be cast down, fail 1a) (Qal) 1a1) to fal	: fall/drop/fail 1) to fall, lie, be cast down, fail 1a) (Qal) 1a1) to		
H5310	18	CURATE	H5310a	H5310a	H5310A	to shatter	to shatter	1) to shatter, break, dash, beat in pieces 1a)(Qal) 1a1) to shatter 1a	1) to shatter, break, dash, beat in pieces 1a)(Qal) 1a1) to shatter 1a	a:0.17, b:0.00	a:0.28, b:0.00
H5316	1	OWN	H5316	H5316	H5316G	Naphath	Naphath	height  Naphath Another name of dor (דֹּאר "Dor" H1756G)	§ height  Naphath		
H5321	51	OWN	H5321	H5321	H5321G	Naphtali	Naphtali	Combined with qe.desh (קֶ֫דֶשׁ "Kedesh" H6943)  § Naphtali = "wrestlin	A man of the tribe of Naphtali  living at the time of the Patriarchs, 		
H5322	2	AUTO	H5322a	H5322a	H5322A	flower	flower	blossom	blossom	a:0.50, b:0.00	a:1.00, b:0.00
H5327	8	NO_SIGNAL	H5327a	H5327a	H5327A	to struggle	to struggle	1) to struggle 1a) (Niphal) to struggle 1b) (Hiphil) to struggle	1) to struggle 1a) (Niphal) to struggle 1b) (Hiphil) to struggle	a:0.00, b:0.00	a:0.00, b:0.00
H5344	16	AUTO	H5344a	H5344a	H5344A	to pierce	to pierce	1) to pierce, perforate, bore, appoint 1a) (Qal) 1a1) to pierce, bore 	1) to pierce, perforate, bore, appoint 1a) (Qal) 1a1) to pierce, bore 	a:0.31, b:0.00	a:0.75, b:0.00
H5353	4	OWN	H5353	H5353	H5353G	Nekoda	Nekoda	A man living at the time of Exile and Return, first mentioned at Ezr.2	A man living at the time of Exile and Return, first mentioned at Ezr.2		
H5356	5	AUTO	H5356a	H5356a	H5356A	innocence	innocence	1) innocency 1a) freedom from guilt, innocency 1b) freedom from punish	1) innocency 1a) freedom from guilt, innocency 1b) freedom from punish	a:0.80, b:0.00	a:1.00, b:0.00
H5362	3	CURATE	H5362a	H5362a	H5362A	to strike	to strike	1) to strike, strike off 1a) (Piel) to strike off skin Aramaic equival	1) to strike, strike off 1a) (Piel) to strike off skin Aramaic equival	a:0.00, b:0.00	a:0.00, b:0.33
H5369	16	OWN	H5369	H5369	H5369G	Ner	Ner	A man of the tribe of Benjamin living at the time of United Monarchy, 	A man of the tribe of Benjamin living at the time of United Monarchy, 		
H5371	9	OWN	H5371	H5371	H5371G	Nergal-sar-ezer	Nergal-sar-ezer	A Babylonian official living at the time of Divided Monarchy, first me	A Babylonian official of Samgar, living at the time of Divided Monarch		
H5375	655	OWN	H5375	H5375	H5375G	to lift: raise	to lift: raise	: give(gift) 1) to lift, bear up, carry, take 1a) (Qal) 1a1) to lift, 	: raise/take_up 1) to lift, bear up, carry, take 1a) (Qal) 1a1) to lif		
H5387	130	AUTO	H5387a	H5387a	H5387A	leader	leader	one lifted up, chief, prince, captain, leader	one lifted up, chief, prince, captain, leader	a:0.64, b:0.00	a:0.99, b:0.00
H5391	11	AUTO	H5391a	H5391a	H5391A	to bite	to bite	1) to bite 1a) (Qal) to bite 1b) (Piel) to bite	1) to bite 1a) (Qal) to bite 1b) (Piel) to bite	a:0.73, b:0.00	a:0.73, b:0.00
H5401	32	AUTO	H5401a	H5401a	H5401A	to kiss	to kiss	1) to put together, kiss 1a) (Qal) to kiss 1b) (Piel) to kiss 1c) (Hip	1) to put together, kiss 1a) (Qal) to kiss 1b) (Piel) to kiss 1c) (Hip	a:0.94, b:0.00	a:0.94, b:0.00
H5414	2009	OWN	H5414	H5414	H5414G	to give: give	to give: give	: if_only[wishing] 1) to give, put, set 1a) (Qal) 1a1) to give, bestow	: give/deliver/send/produce 1) to give, put, set 1a) (Qal) 1a1) to giv		
H5415	7	OWN	H5415	H5415	H5415G	to give: give	to give: give	: pay 1) to give 1a) (P'al) 1a1) to give 1a2) to give, allow 1a3) to g	: give/deliver/send/produce 1) to give 1a) (P'al) 1a1) to give 1a2) to		
H5416	42	OWN	H5416	H5416	H5416G	Nathan	Nathan	A man living at the time of Exile and Return, only mentioned at Ezr.10	A man of the tribe of Judah living at the time of United Monarchy, fir		
H5417	14	OWN	H5417	H5417	H5417G	Nethanel	Nethanel	A man living at the time of Exile and Return, only mentioned at Neh.12	A man living at the time of Egypt and Wilderness, first mentioned at N		
H5418	15	OWN	H5418	H5418	H5418G	Nethaniah	Nethaniah	A man living at the time of Divided Monarchy, only mentioned at Jer.36	A man living at the time of Divided Monarchy, first mentioned at 2Ki.2		
H5425	1	OVERRIDE	H5425a	H5425b	H5425B	to start	to free	1) to start up, tremble, shake, spring up 1a) (Qal) to start up 1b) (P	1) to loose, let loose, undo, be free, be loose 1a) (Hiphil) 1a1) to u	a:0.00, b:0.00	a:0.00, b:1.00
H5433	5	AUTO	H5433a	H5433b	H5433B	to imbibe	be drunk	1) to drink heavily or largely, imbibe 1a) (Qal) 1a1) to imbibe	wine-bibber, drunkard (participle) (subst)	a:0.00, b:0.20	a:0.20, b:0.60
H5434	4	OWN	H5434	H5434	H5434G	Seba	Seba	§ Seba = "drink thou"  a nation south of Palestine, perhaps Ethiopia	A man of the Cushites living at the time of the Patriarchs, first ment		
H5437	161	OWN	H5437	H5437	H5437G	to turn: turn	to turn: turn	: changed 1) to turn, turn about or around or aside or back or towards	: turn/bring_around 1) to turn, turn about or around or aside or back 		
H5439	336	OWN	H5439	H5439	H5439G	around	around	: neighours subst 1) places round about, circuit, round about adv 2) i	: around/border subst 1) places round about, circuit, round about adv 		
H5483	137	AUTO	H5483a	H5483b	H5483M	swallow	horse	swallow, swift	1) horse 1a) chariot horses	a:0.00, b:0.98	a:0.00, b:0.98
H5483b	1	OWN	H5483b	H5483b	H5483M	Horse (Gate)	horse	1) horse 1a) chariot horses	1) horse 1a) chariot horses		
H5488	28	OWN	H5488	H5488	H5488H	Red (Sea)	reed	1) reed, rush, water plant 1a) rushes 1b) sea of rushes - used of Red 	1) reed, rush, water plant 1a) rushes 1b) sea of rushes - used of Red 		
H5492	15	AUTO	H5492a	H5492a	H5492A	whirlwind	whirlwind	storm-wind	storm-wind	a:0.67, b:0.00	a:0.87, b:0.00
H5493	299	OWN	H5493	H5493	H5493G	to turn aside: remove	to turn aside: remove	: turn_aside/deflect 1) to turn aside, depart 1a) (Qal) 1a1) to turn a	: remove 1) to turn aside, depart 1a) (Qal) 1a1) to turn aside, turn i		
H5512	2	AUTO	H5512a	H5512a	H5512A	Pelusium	Pelusium	§ Sin = "thorn" or "clay"  a town in eastern Egypt	§ Sin = "thorn" or "clay"  a town in eastern Egypt	a:1.00, b:0.00	a:1.00, b:0.00
H5514	35	OWN	H5514	H5514	H5514G	Sinai	Sinai	Combined with mid.bar (מִדְבָּר "wilderness" H4057)  § Sinai = "thorny	§ Sinai = "thorny"  the mountain where Moses received the Law from Jeh		
H5516	21	OWN	H5516	H5516	H5516G	Sisera	Sisera	A man living at the time of Exile and Return, first mentioned at Ezr.2	A man living before Israel's Monarchy, first mentioned at Jdg.4.2  § S		
H5518	29	AUTO	H5518a	H5518a	H5518A	pot	pot	1) pot 1a) pot (household utensil) 1b) pot (of temple)	1) pot 1a) pot (household utensil) 1b) pot (of temple)	a:0.97, b:0.00	a:0.97, b:0.00
H5523	18	OWN	H5523	H5523	H5523G	Succoth	Succoth	§ Succoth = "booths"  the first stopping place of the Israelites when 	§ Succoth = "booths"   the site where Jacob put up booths for his catt		
H5526	17	AUTO	H5526a	H5526b	H5526B	to fence	to cover	(Qal) to hedge, fence about, shut in	1) to block, overshadow, screen, stop the approach, shut off, cover 1a	a:0.00, b:0.53, c:0.00, d:0.00, e:0.53, f:0.00	a:0.06, b:0.71, c:0.00, d:0.00, e:0.53, f:0.00
H5533	1	AUTO	H5533a	H5533a	H5533A	to endanger	to endanger	1) to incur danger 1a) (Niphal) to endanger oneself	1) to incur danger 1a) (Niphal) to endanger oneself	a:1.00, b:0.00	a:1.00, b:0.00
H5541	2	AUTO	H5541a	H5541a	H5541A	to reject	to reject	1) to make light of, toss aside 1a) (Qal) to make light of 1b) (Piel) 	1) to make light of, toss aside 1a) (Qal) to make light of 1b) (Piel) 	a:1.00, b:0.00	a:1.00, b:0.00
H5543	1	OVERRIDE	H5543a	H5543b	H5543B	`valor`	Sallu	A man living at the time of Exile and Return, only mentioned at Neh.11	A man living at the time of Exile and Return, first mentioned at Neh.1	a:0.00, b:1.00, c:0.00, d:1.00, e:0.00	a:1.00, b:1.00, c:1.00, d:1.00, e:1.00
H5553	58	OWN	H5553	H5553	H5553H	rock	crag	1) crag, cliff, rock 1a) crag, cliff 1b) as stronghold of Jehovah, of 	1) crag, cliff, rock 1a) crag, cliff 1b) as stronghold of Jehovah, of 		
H5570	2	OWN	H5570	H5570	H5570G	Senaah	Senaah	A man descended from Senaah (H5570) of the tribe of Levi before time o	§ Senaah or Hassenaah [with the article] = "thorny"  ancestor of a fam		
H5587	1	CURATE	H5587a	H5587a	H5587A	division	division	ambivalence, division, divided opinion	ambivalence, division, divided opinion	a:0.00, b:0.00	a:1.00, b:0.00
H5592	25	AUTO	H5592a	H5592b	H5592B	basin	threshold	1) a spreading out, basin, goblet, bowl 1a) basin, goblet	1) threshold, sill 1a) threshold, sill, door-keeper	a:0.00, b:0.96	a:0.00, b:1.00
H5596	4	AUTO	H5596a	H5596a	H5596A	to attach	to attach	1) to join, attach to, join together 1a) (Qal) to join, attach to 1b) 	1) to join, attach to, join together 1a) (Qal) to join, attach to 1b) 	a:0.25, b:0.00	a:0.50, b:0.00
H5599	1	NO_SIGNAL	H5599a	H5599a	H5599A	outpouring	outpouring	outpouring	outpouring	a:0.00, b:0.00	a:0.00, b:0.00
H5606	6	CURATE	H5606a	H5606a	H5606A	to slap	to slap	1) to clap, slap 1a)(Qal) 1a1) to slap, clap 1a2) to slap, chastise 1a	1) to clap, slap 1a)(Qal) 1a1) to slap, clap 1a2) to slap, chastise 1a	a:0.00, b:0.00	a:0.33, b:0.00
H5607	1	NO_SIGNAL	H5607a	H5607a	H5607A	mockery	mockery	handclapping, mocking, mockery, scorn	handclapping, mocking, mockery, scorn	a:0.00, b:0.00	a:0.00, b:0.00
H5608	105	CURATE	H5608a	H5608a	H5608A	to recount	to recount	v 1) to count, recount, relate 1a) (Qal) 1a1) to count (things) 1a2) t	v 1) to count, recount, relate 1a) (Qal) 1a1) to count (things) 1a2) t	a:0.02, b:0.00	a:0.43, b:0.00
H5612	185	AUTO	H5612a	H5612a	H5612A	scroll: document	scroll: document	: document 1) missive, document, writing, book 1a) missive 1a1) letter	: document 1) missive, document, writing, book 1a) missive 1a1) letter	a:0.72, b:0.09	a:0.99, b:0.71
H5612a	1	OWN	H5612a	H5612a	H5612A	scroll: document	scroll: document	: read 1) missive, document, writing, book 1a) missive 1a1) letter (of	: document 1) missive, document, writing, book 1a) missive 1a1) letter		
H5633	21	AUTO	H5633a	H5633a	H5633A	lord	lord	lord, ruler, tyrant	lord, ruler, tyrant	a:0.48, b:0.00	a:1.00, b:0.00
H5640	13	CURATE	H5640a	H5640a	H5640A	to close	to close	1) to stop up, shut up, keep close 1a) (Qal) 1a1) to stop up 1a2) to s	1) to stop up, shut up, keep close 1a) (Qal) 1a1) to stop up 1a2) to s	a:0.08, b:0.00	a:0.85, b:0.15
H5642	1	NO_SIGNAL	H5642a	H5642a	H5642A	to hide	to hide	(Pael) to hide, remove from sight Aramaic of sa.tar (סָתַר "to hide" H	(Pael) to hide, remove from sight Aramaic of sa.tar (סָתַר "to hide" H	a:0.00, b:0.00	a:0.00, b:0.00
H5643	35	CURATE	H5643a	H5643a	H5643A	secrecy	secrecy	1) covering, shelter, hiding place, secrecy 1a) covering, cover 1b) hi	1) covering, shelter, hiding place, secrecy 1a) covering, cover 1b) hi	a:0.06, b:0.06	a:0.74, b:0.09
H5647	288	OWN	H5647	H5647	H5647G	to serve	to serve	: burden 1) to work, serve 1a) (Qal) 1a1) to labour, work, do work 1a2	: serve[someone] 1) to work, serve 1a) (Qal) 1a1) to labour, work, do 		
H5651	6	OWN	H5651	H5651	H5651G	Ebed	Ebed	A man living at the time of Exile and Return, only mentioned at Ezr.8.	A man living before Israel's Monarchy, first mentioned at Jdg.9.26;   		
H5653	2	OWN	H5653	H5653	H5653G	Abda	Abda	A man of the tribe of Levi  living at the time of Exile and Return, fi	A man living at the time of United Monarchy, only mentioned at 1Ki.4.6		
H5656	145	OWN	H5656	H5656	H5656G	service	service	: work/labour 1) labour, service 1a) labour, work 1b) labour (of serva	: service[as_servant/slave] 1) labour, service 1a) labour, work 1b) la		
H5658	6	OWN	H5658	H5658	H5658G	Abdon	Abdon	A man living at the time of Divided Monarchy, first mentioned at 2Ki.2	Abdon = "servile"  a city in Asher allotted to the Gershonite Levites;		
H5660	3	OWN	H5660	H5660	H5660G	Abdi	Abdi	A man living at the time of Exile and Return, only mentioned at Ezr.10	A man of the tribe of Levi living at the time of Divided Monarchy, onl		
H5662	11	OWN	H5662	H5662	H5662G	Obadiah	Obadiah	A prophet living at the time of Exile and Return, only mentioned at Ob	A man living at the time of Divided Monarchy, first mentioned at 1Ki.1		
H5674	548	AUTO	H5674a	H5674a	H5674A	to pass	to pass	1) to pass over or by or through, alienate, bring, carry, do away, tak	1) to pass over or by or through, alienate, bring, carry, do away, tak	a:0.40, b:0.00	a:0.75, b:0.00
H5674a	8	OWN	H5674a	H5674a	H5674A	to pass	to pass	Combined with gay (גַּיְא "Valley" H1516O)	1) to pass over or by or through, alienate, bring, carry, do away, tak		
H5676	90	OWN	H5676	H5676	H5676G	side: beside	side: beside	: west 1) region beyond or across, side 1a) region across or beyond 1b	: side/beside 1) region beyond or across, side 1a) region across or be		
H5677	15	OWN	H5677	H5677	H5677G	Eber	Eber	A man living at the time of Exile and Return, only mentioned at Neh.12	A man living at the time of the Patriarchs, first mentioned at Gen.10.		
H5697	12	AUTO	H5697a	H5697a	H5697A	heifer	heifer	heifer	heifer	a:0.83, b:0.00	a:0.83, b:0.83
H5700	5	OWN	H5700	H5700	H5700G	Eglon	Eglon	A man of the Moabites living before Israel's Monarchy, first mentioned	§ Eglon = "calf-like"  a royal city in Canaan that opposed the conques		
H5710	2	CURATE	H5710a	H5710a	H5710A	to advance	to advance	1) to pass on, advance, go on, pass by, remove 1a) (Qal) to pass on, p	1) to pass on, advance, go on, pass by, remove 1a) (Qal) to pass on, p	a:0.00, b:0.00	a:0.50, b:0.00
H5711	8	OWN	H5711	H5711	H5711G	Adah	Adah	A woman living at the time before the Flood, first mentioned at Gen.26	A woman living at the time before the Flood, first mentioned at Gen.4.		
H5713	5	AUTO	H5713a	H5713a	H5713A	witness	witness	testimony, witness	testimony, witness	a:0.80, b:0.00	a:0.80, b:0.00
H5714	4	OWN	H5714	H5714	H5714G	Iddo	Iddo	A man living at the time of Exile and Return, first mentioned at Neh.1	A man living at the time of United Monarchy, only mentioned at 1Ki.4.1		
H5717	3	OWN	H5717	H5717	H5717G	Adiel	Adiel	A man living at the time of Divided Monarchy, only mentioned at 1Ch.27	A man of the tribe of Simeon(?) living at the time of Divided Monarchy		
H5718	8	OWN	H5718	H5718	H5718G	Adaiah	Adaiah	A man living at the time of Exile and Return, first mentioned at Neh.1	A man living at the time of Divided Monarchy, only mentioned at 2Ki.22		
H5720	4	OWN	H5720	H5720	H5720G	Adin	Adin	A man living at the time of Exile and Return, only mentioned at Neh.10	A man living at the time of Exile and Return, first mentioned at Ezr.2		
H5730	3	AUTO	H5730a	H5730a	H5730A	delicacy	delicacy	luxury, dainty, delight, finery	luxury, dainty, delight, finery	a:0.33, b:0.33	a:0.67, b:0.33
H5731a	2	OWN	H5731a	H5731a	H5731A	Eden	Eden	A man living at the time of Divided Monarchy, only mentioned at 2Ch.31	A man living at the time of Divided Monarchy, only mentioned at 2Ch.29		
H5733	2	OWN	H5733	H5733	H5733G	Adna	Adna	A man living at the time of Exile and Return, only mentioned at Neh.12	A man living at the time of Exile and Return, only mentioned at Ezr.10		
H5734	1	OWN	H5734	H5734	H5734G	Adnah	Adnah	A man living at the time of Divided Monarchy, only mentioned at 2Ch.17	A man living at the time of Divided Monarchy, only mentioned at 1Ch.12		
H5737	2	OVERRIDE	H5737a	H5737b	H5737B	to help	to hoe	1) to help 1a) (Qal) to help	1) to hoe 1a) (Niphal) to be hoed	a:0.00, b:0.00, c:0.00	a:0.00, b:1.00, c:0.00
H5744	10	OWN	H5744	H5744	H5744G	Obed	Obed	A man living at the time of Divided Monarchy, only mentioned at 2Ch.23	A man of the tribe of Judah living before Israel's Monarchy, first men		
H5749	4	CURATE	H5749a	H5749a	H5749A	to uphold	to uphold	1) to return, repeat, go about, do again 1a) (Piel) to surround, go ro	1) to return, repeat, go about, do again 1a) (Piel) to surround, go ro	a:0.25, b:0.00	a:0.25, b:0.00
H5752	3	OWN	H5752	H5752	H5752G	Oded	Oded	A prophet living at the time of Divided Monarchy, only mentioned at 2C	A man living at the time of Divided Monarchy, first mentioned at 2Ch.1		
H5753	17	AUTO	H5753a	H5753b	H5753B	to twist	to pervert	1) to bend, twist, distort 1a) (Niphal) to be bent, be bowed down, be 	1) to commit iniquity, do wrong, pervert 1a) (Qal) to do wrong, commit	a:0.06, b:0.12	a:0.41, b:0.65
H5761	1	OWN	H5761	H5761	H5761G	Avvim	Avvim	Group of iv.vah (עַוָּה "Ivvah" H5755)  § Avim = "ruins"  a people amo	People who lived in modern Gaza, first mentioned at Deu.2.23  § Avim =		
H5769	439	OWN	H5769	H5769	H5769G	forever: enduring	forever: enduring	: old/ancient 1) long duration, antiquity, futurity, for ever, ever, e	: enduring/eternal 1) long duration, antiquity, futurity, for ever, ev		
H5771	231	OWN	H5771	H5771	H5771G	iniquity: crime	iniquity: crime	: punishment 1) perversity, depravity, iniquity, guilt or punishment o	: crime 1) perversity, depravity, iniquity, guilt or punishment of ini		
H5774	25	AUTO	H5774a	H5774a	H5774A	to fly	to fly	v 1) to fly, fly about, fly away 1a)(Qal) 1a1) to fly, hover 1a2) to f	v 1) to fly, fly about, fly away 1a)(Qal) 1a1) to fly, hover 1a2) to f	a:0.52, b:0.00	a:0.68, b:0.00
H5780	5	OWN	H5780	H5780	H5780G	Uz	Uz	§ Uz = "wooded" the country of Job; probably east and southeast of Pal	A man of the Syrians living at the time of the Patriarchs, first menti		
H5793	2	OWN	H5793	H5793	H5793G	Uthai	Uthai	A man living at the time of Exile and Return, only mentioned at Ezr.8.	A man of the tribe of Judah  living at the time of Exile and Return, o		
H5798a	3	OWN	H5798a	H5798a	H5798A	Uzzah	Uzzah	A man living at the time of Exile and Return, first mentioned at Ezr.2	A man living at the time of United Monarchy, first mentioned at 2Sa.6.		
H5800	211	AUTO	H5800a	H5800a	H5800A	to leave: forsake	to leave: forsake	1) to leave, loose, forsake 1a) (Qal) to leave 1a1) to depart from, le	1) to leave, loose, forsake 1a) (Qal) to leave 1a1) to depart from, le	a:0.62, b:0.00	a:0.94, b:0.00
H5803	4	OWN	H5803	H5803	H5803G	Azgad	Azgad	A man living at the time of Exile and Return, only mentioned at Neh.10	A man living at the time of Exile and Return, first mentioned at Ezr.2		
H5806	4	OWN	H5806	H5806	H5806G	Azubah	Azubah	A womanof the tribe of Judah  living at the time of Divided Monarchy, 	A woman living at the time of Divided Monarchy, first mentioned at 1Ki		
H5809	3	OWN	H5809	H5809	H5809G	Azzur	Azzur	A man living at the time of Exile and Return, only mentioned at Ezk.11	A man living at the time of Exile and Return, only mentioned at Neh.10		
H5812	3	OWN	H5812	H5812	H5812G	Azaziah	Azaziah	A man living at the time of Divided Monarchy, only mentioned at 2Ch.31	A man living at the time of Divided Monarchy, only mentioned at 1Ch.15		
H5813	11	OWN	H5813	H5813	H5813G	Uzzi	Uzzi	A man living at the time of Exile and Return, only mentioned at Neh.12	A man of the tribe of Levi living at the time of Divided Monarchy, fir		
H5816	16	OWN	H5816	H5816	H5816G	Uzziel	Uzziel	A man living at the time of Exile and Return, only mentioned at Neh.3.	A man of the tribe of Levi living at the time of Egypt and Wilderness,		
H5818	8	OWN	H5818	H5818	H5818G	Uzziah	Uzziah	A man living at the time of Exile and Return, only mentioned at Neh.11	A king of the tribe of Judah living at the time of Divided Monarchy, f		
H5820	6	OWN	H5820	H5820	H5820G	Azmaveth	Azmaveth	Azmaveth = "strong unto death"   a place in Benjamin;  Another name of	A man living at the time of United Monarchy, first mentioned at 2Sa.23		
H5829	5	OWN	H5829	H5829	H5829G	Ezer	Ezer	#A man of the tribe of Ephraim living at the time of Egypt and Wildern	A man of the tribe of Judah living at the time of Egypt and Wilderness		
H5830	22	OWN	H5830	H5830	H5830G	Ezra	Ezra	A man living at the time of Exile and Return, first mentioned at Neh.1	A man of the tribe of Levi living at the time of Exile and Return, fir		
H5832	6	OWN	H5832	H5832	H5832G	Azarel	Azarel	A man of the tribe of Levi living at the time of Divided Monarchy, fir	A man living at the time of Divided Monarchy, only mentioned at 1Ch.12		
H5837	3	OWN	H5837	H5837	H5837G	Azriel	Azriel	A man living at the time of Divided Monarchy, only mentioned at Jer.36	A man of the tribe of Manasseh  living at the time of Divided Monarchy		
H5838	32	OWN	H5838	H5838	H5838G	Azariah	Azariah	A man living at the time of Exile and Return, first mentioned at Dan.1	A man of the tribe of Levi living at the time of United Monarchy, firs		
H5840	6	OWN	H5840	H5840	H5840G	Azrikam	Azrikam	A man living at the time of Divided Monarchy, only mentioned at 2Ch.28	A man of the tribe of Judah living at the time of Divided Monarchy, on		
H5844	13	CURATE	H5844a	H5844a	H5844A	to enwrap	to enwrap	1) to cover, enwrap, wrap oneself, envelop oneself 1a) (Qal) 1a1) to w	1) to cover, enwrap, wrap oneself, envelop oneself 1a) (Qal) 1a1) to w	a:0.00, b:0.00	a:0.69, b:0.00
H5848	3	AUTO	H5848a	H5848a	H5848A	to turn aside	to turn aside	1) to turn aside 1a) (Qal) to turn aside, turn (in order to cover)	1) to turn aside 1a) (Qal) to turn aside, turn (in order to cover)	a:0.33, b:0.00, c:0.00	a:1.00, b:0.67, c:0.00
H5849	7	AUTO	H5849a	H5849b	H5849B	to surround	to crown	1) to surround 1a) (Qal) to surround	1) to crown, give a crown 1a) (Piel) to crown 1b) (Hiphil) crown-besto	a:0.14, b:0.71	a:0.14, b:0.71
H5852	4	OWN	H5852	H5852	H5852G	Ataroth	Ataroth	§ Ataroth = "crowns"  a place on the boundary of Ephraim and Manasseh 	§ Ataroth = "crowns"   a town east of the Jordan in Gilead, taken and 		
H5857	38	OWN	H5857	H5857	H5857G	Ai	Ai	§ Ai or Aija or Aiath or Hai = "heap of ruins"   a city of the Ammonit	§ Ai or Aija or Aiath or Hai = "heap of ruins"   a city lying east of 		
H5858	5	OVERRIDE	H5858a	H5858b	H5858B	Obal	Ebal	A man living at the time of the Patriarchs, first mentioned at Gen.10.	A man living at the time of the Patriarchs, first mentioned at Gen.36.	a:0.00, b:1.00, c:1.00	a:1.00, b:1.00, c:1.00
H5860	3	AUTO	H5860a	H5860b	H5860B	to scream	to pounce	1) to scream, shriek 1a) (Qal) to scream	1) to dart greedily, swoop upon, rush upon 1a) (Qal) to dart greedily	a:0.00, b:0.67	a:0.00, b:0.67
H5862	5	OWN	H5862	H5862	H5862G	Etam	Etam	§ Etam = "lair of wild beasts"  a town in Judah fortified and garrison	§ Etam = "lair of wild beasts" a cliff; site uncertain		
H5864	2	OWN	H5864	H5864	H5864G	Iyim	Iyim	§ Iim = "ruins"   a town in Judah	§ Iim = "ruins"   a station of Israel in the wilderness on the southea		
H5868	1	OVERRIDE	H5868a	H5868b	H5868B	iniquities	heat	iniquities (meaning uncertain)	glow, heat	a:0.00, b:0.00	a:0.00, b:0.00
H5869	886	AUTO	H5869a	H5869a	H5869A	eye	eye	: eye 1) eye 1a) eye 1a1) of physical eye 1a2) as showing mental quali	: eye 1) eye 1a) eye 1a1) of physical eye 1a2) as showing mental quali	a:0.68, b:0.02	a:0.68, b:0.02
H5871	5	OWN	H5871	H5871	H5871G	Ain	Ain	Ain = "spring"  one of the southernmost cities of Judah in the Nekeb a	Ain = "spring"    one of the landmarks on the eastern boundary of Pale		
H5873	6	OWN	H5873	H5873	H5873G	En-gannim	En-gannim	En-gannim = "fountain of the garden"   a city on the border of Issacha	§ En-gannim = "fountain of the garden"   a city in the low country of 		
H5891	5	OWN	H5891	H5891	H5891G	Ephah	Ephah	§ Ephah = "gloomy"  a place associated with Sheba and Midian	A man of the Midianites living at the time of the Patriarchs, first me		
H5892	1092	AUTO	H5892a	H5892b	H5892B	excitement	city	1) excitement, anguish 1a) of terror	1) city, town (a place of waking, guarded) 1a) city, town (a place of 	a:0.00, b:0.89	a:0.00, b:1.00
H5892b	2	OWN	H5892b	H5892b	H5892B	city	city	#A man of the tribe of Judah  living at the time of Divided Monarchy, 	1) city, town (a place of waking, guarded) 1a) city, town (a place of 		
H5893	1	OWN	H5893	H5893	H5893G	Ir	Ir	Combined with re.cho.vot (רְחֹבוֹת "Rehoboth" H7344)  § Ir = "belongin	A man of the tribe of Benjamin  living at the time of the Patriarchs, 		
H5896	6	OWN	H5896	H5896	H5896G	Ira	Ira	A man living at the time of United Monarchy, first mentioned at 2Sa.23	A man living at the time of United Monarchy, only mentioned at 2Sa.20.		
H5907	7	OWN	H5907	H5907	H5907G	Achbor	Achbor	A man living at the time of Divided Monarchy, first mentioned at 2Ki.2	A man living at the time of the Patriarchs, first mentioned at Gen.36.		
H5915	5	OWN	H5915	H5915	H5915G	Achsah	Achsah	A woman of the tribe of Judah living at the time of Egypt and Wilderne	A woman living before Israel's Monarchy, first mentioned at Jos.15.16;		
H5920	6	OWN	H5920	H5920	H5920H	Most High	height	subst 1) height adv 2) above, upwards, on high	subst 1) height adv 2) above, upwards, on high		
H5921	5768	CURATE	H5921a	H5921a	H5921A	upon	upon	prep 1) upon, on the ground of, according to, on account of, on behalf	prep 1) upon, on the ground of, according to, on account of, on behalf	a:0.04, b:0.00	a:0.23, b:0.02
H5927	889	OWN	H5927	H5927	H5927G	to ascend: rise	to ascend: rise	: regurgitate/chew(cud) 1) to go up, ascend, climb 1a) (Qal) 1a1) to g	: rise/go 1) to go up, ascend, climb 1a) (Qal) 1a1) to go up, ascend 1		
H5930	287	AUTO	H5930a	H5930a	H5930A	burnt offering	burnt offering	whole burnt offering Aramaic equivalent: a.lah (עֲלָת "burnt offering"	whole burnt offering Aramaic equivalent: a.lah (עֲלָת "burnt offering"	a:1.00, b:0.00	a:1.00, b:0.00
H5945	22	AUTO	H5945a	H5945a	H5945A	high	high	adj 1) high, upper 1a) of Davidic king exalted above monarchs	adj 1) high, upper 1a) of Davidic king exalted above monarchs	a:0.77, b:0.09	a:0.82, b:0.09
H5945a	31	OWN	H5945a	H5945a	H5945A	high	high	Combined with bet cho.ron (בֵּית חוֹרֹן " Beth-horon" H1032H)  §	adj 1) high, upper 1a) of Davidic king exalted above monarchs		
H5953	18	AUTO	H5953a	H5953a	H5953A	to abuse	to abuse	1) to act severely, deal with severely, make a fool of someone 1a) (Po	1) to act severely, deal with severely, make a fool of someone 1a) (Po	a:0.17, b:0.17, c:0.00, d:0.00	a:0.61, b:0.17, c:0.00, d:0.00
H5964	3	OWN	H5964	H5964	H5964G	Alemeth	Alemeth	A man of the tribe of Benjamin living at the time of Divided Monarchy,	Alameth or Alemeth = "covering"  a town in Benjamin Also named: al.mon		
H5971	1833	AUTO	H5971a	H5971a	H5971A	people	people	: people/nation 1) nation, people 1a) people, nation 1b) persons, memb	: people/nation 1) nation, people 1a) people, nation 1b) persons, memb	a:0.94, b:0.00	a:0.97, b:0.00
H5971a	33	OWN	H5971a	H5971a	H5971A	people	people	: creatures 1) nation, people 1a) people, nation 1b) persons, members 	: people/nation 1) nation, people 1a) people, nation 1b) persons, memb		
H5973	1048	CURATE	H5973a	H5973a	H5973A	with	with	1) with 1a) with 1b) against 1c) toward 1d) as long as	1) with 1a) with 1b) against 1c) toward 1d) as long as	a:0.77, b:0.77	a:0.82, b:0.77
H5975	521	OWN	H5975	H5975	H5975G	to stand: stand	to stand: stand	: put 1) to stand, remain, endure, take one's stand 1a) (Qal) 1a1) to 	: stand/stop/establish 1) to stand, remain, endure, take one's stand 1		
H5982	111	OWN	H5982	H5982	H5982G	pillar	pillar	Combined with u.lam (אוּלָם "Hall" H0197)	1) pillar, column 1a) pillar 1b) column, upright 1c) column (of smoke)		
H5984	21	OWN	H5984	H5984	H5984G	Meunite	Meunite	Someone from Ammon, Ammonite, of Ammon "tribal"  descendants of Ammon 	Someone descended from Meunit(?) of the Canaanites, first mentioned at		
H5988	6	OWN	H5988	H5988	H5988G	Ammiel	Ammiel	A man living at the time of United Monarchy, first mentioned at 2Sa.11	A man living at the time of Egypt and Wilderness, only mentioned at Nu		
H5989	10	OWN	H5989	H5989	H5989G	Ammihud	Ammihud	A man of the tribe of Judah  living at the time of Exile and Return, o	A man of the tribe of Ephraim living at the time of Egypt and Wilderne		
H5992	13	OWN	H5992	H5992	H5992G	Amminadab	Amminadab	A man of the tribe of Levi living at the time of Egypt and Wilderness,	A man of the tribe of Judah living at the time of Egypt and Wilderness		
H6001	4	CURATE	H6001a	H6001a	H6001A	labour(er)	labour(er)	1) labourer, sufferer, wretched one 1a) labourer, workman 1b) sufferer	1) labourer, sufferer, wretched one 1a) labourer, workman 1b) sufferer	a:0.00, b:0.00	a:0.25, b:0.00
H6002	39	OWN	H6002	H6002	H6002G	Amalek	Amalek	A man of the Edomites living at the time of the Patriarchs, first ment	Amalek = "dweller in a valley"   people in southern Canaan 2) descenda		
H6010	65	OWN	H6010	H6010	H6010R	Valley (of Achor)	valley	valley, vale, lowland, open country	valley, vale, lowland, open country		
H6014	1	CURATE	H6014a	H6014a	H6014A	to bind	to bind	1) to bind sheaves 1a) (Piel) to gather	1) to bind sheaves 1a) (Piel) to gather	a:0.00, b:0.00	a:1.00, b:0.00
H6016	8	AUTO	H6016a	H6016a	H6016A	sheaf	sheaf	sheaf	sheaf	a:0.62, b:0.00	a:0.62, b:0.00
H6018	18	OWN	H6018	H6018	H6018G	Omri	Omri	A man living at the time of Divided Monarchy, only mentioned at 1Ch.27	A king of the Kingdom of Israel, living at the time of Divided Monarch		
H6019	14	OWN	H6019	H6019	H6019G	Amram	Amram	A man living at the time of Exile and Return, only mentioned at Ezr.10	A man of the tribe of Levi living at the time of Egypt and Wilderness,		
H6021	16	OWN	H6021	H6021	H6021G	Amasa	Amasa	A man living at the time of Divided Monarchy, only mentioned at 2Ch.28	A man living at the time of United Monarchy, first mentioned at 2Sa.17		
H6022	5	OWN	H6022	H6022	H6022G	Amasai	Amasai	A man living at the time of Divided Monarchy, only mentioned at 2Ch.29	A man of the tribe of Levi living at the time of Divided Monarchy, fir		
H6030	315	AUTO	H6030a	H6030b	H6030B	to dwell	to answer	(Qal) to dwell	1) to answer, respond, testify, speak, shout 1a) (Qal) 1a1) to answer,	a:0.00, b:0.80, c:0.00	a:0.00, b:0.88, c:0.00
H6031	79	AUTO	H6031a	H6031b	H6031B	be occupied	to afflict	(Qal) to be occupied, be busied with	1) to afflict, oppress, humble, be afflicted, be bowed down 1a) (Qal) 	a:0.00, b:0.28	a:0.00, b:0.43
H6034	12	OWN	H6034	H6034	H6034G	Anah	Anah	A man living at the time of the Patriarchs, first mentioned at Gen.36.	A woman living at the time of the Patriarchs, first mentioned at Gen.3		
H6042	3	OWN	H6042	H6042	H6042G	Unni	Unni	A man living at the time of Exile and Return, only mentioned at Neh.12	A man living at the time of Divided Monarchy, first mentioned at 1Ch.1		
H6043	2	OWN	H6043	H6043	H6043G	Anaiah	Anaiah	A man living at the time of Exile and Return, only mentioned at Neh.10	A man living at the time of Exile and Return, only mentioned at Neh.8.		
H6049	10	AUTO	H6049a	H6049b	H6049B	to cloud	to divine	(Piel) to make appear, produce, bring (clouds)	1) (Poel) to practise soothsaying, conjure 1a) to observe times, pract	a:0.00, b:0.10	a:0.00, b:0.90
H6055	1	OWN	H6055	H6055	H6055G	Ananiah	Ananiah	§ Ananiah = "Jehovah clouds"  a city northwest of Jerusalem to which s	A man living at the time of Exile and Return, only mentioned at Neh.3.		
H6060	3	OVERRIDE	H6060a	H6060b	H6060B	neck	necklace	(TWOT) neck	necklace, neck-pendant	a:0.00, b:0.00	a:0.00, b:0.33
H6063	2	OWN	H6063	H6063	H6063G	Aner	Aner	Aner = "boy"  a Levitical city west of the Jordan in Manasseh allotted	A man living at the time of the Patriarchs, first mentioned at Gen.14.		
H6068	2	OWN	H6068	H6068	H6068G	Anathoth	Anathoth	A man living at the time of Exile and Return, only mentioned at Neh.10	Anathoth = "answers to prayer" a city of Benjamin allotted to the prie		
H6075	2	OVERRIDE	H6075a	H6075b	H6075B	to swell	to presume	1) to lift up, swell, be lifted up 1a) (Pual) to swell 1b) (Hiphil) to	1) to presume, be heedless 1a) (Hiphil) to be heedless, show heedlessn	a:0.00, b:0.00	a:0.00, b:0.00
H6081	4	OWN	H6081	H6081	H6081G	Epher	Epher	A man of the tribe of Manasseh  living at the time of Divided Monarchy	A man of the Midianites living at the time of the Patriarchs, first me		
H6084	1	OWN	H6084	H6084	H6084G	Ophrah	Ophrah	A man of the tribe of Judah  living at the time of Divided Monarchy, o	Ophrah = "fawn"  a town of Benjamin approximately 5 miles (8 km) east 		
H6085	12	OWN	H6085	H6085	H6085G	Ephron	Ephron	A man living at the time of the Patriarchs, first mentioned at Gen.41.	A man living at the time of the Patriarchs, first mentioned at Gen.23.		
H6086	330	OWN	H6086	H6086	H6086G	tree: wood	tree: wood	: carpenter/wood(worker) 1) tree, wood, timber, stock, plank, stalk, s	: wood 1) tree, wood, timber, stock, plank, stalk, stick, gallows 1a) 		
H6087	2	OVERRIDE	H6087a	H6087b	H6087B	to hurt	to shape	1) to hurt, pain, grieve, displease, vex, wrest 1a) (Qal) to hurt, pai	1) to shape, fashion, make, form, stretch into shape, (TWOT) worship 1	a:0.00, b:0.00	a:0.00, b:0.50
H6089	1	OVERRIDE	H6089a	H6089b	H6089B	toil	vessel	1) pain, hurt, toil, sorrow, labour, hardship 1a) pain 1b) hurt, offen	1) vessel, creation, object 2) (TWOT) idol	a:0.00, b:0.00	a:0.00, b:0.00
H6090	1	AUTO	H6090a	H6090b	H6090B	pain	idol	pain, sorrow	idol	a:0.00, b:1.00	a:0.00, b:1.00
H6105	17	CURATE	H6105a	H6105a	H6105A	be vast	be vast	1) to be vast, be numerous, be mighty 1a)(Qal) 1a1) to be mighty 1a2) 	1) to be vast, be numerous, be mighty 1a)(Qal) 1a1) to be mighty 1a2) 	a:0.06, b:0.00	a:0.65, b:0.00
H6106	126	OWN	H6106	H6106	H6106G	bone	bone	: body 1) bone, essence, substance 1a) bone 1a1) body, limbs, members,	: bone/limb 1) bone, essence, substance 1a) bone 1a1) body, limbs, mem		
H6121	1	NO_SIGNAL	H6121a	H6121a	H6121A	insidious	insidious	1) deceitful, sly, insidious 1a) deceitful, sly, insidious, slippery 1	1) deceitful, sly, insidious 1a) deceitful, sly, insidious, slippery 1	a:0.00, b:0.00	a:0.00, b:0.00
H6126	8	OWN	H6126	H6126	H6126G	Akkub	Akkub	A man living at the time of Exile and Return, only mentioned at Neh.8.	A man of the tribe of Judah living at the time of Divided Monarchy, on		
H6131	7	CURATE	H6131a	H6131a	H6131A	to uproot	to uproot	1) to pluck up, root up 1a) (Qal) to pluck up, root up 1b) (Niphal) to	1) to pluck up, root up 1a) (Qal) to pluck up, root up 1b) (Niphal) to	a:0.29, b:0.14	a:0.29, b:0.14
H6147	10	OWN	H6147	H6147	H6147G	Er	Er	A man of the tribe of Judah living at the time of Egypt and Wilderness	A man of the tribe of Judah living at the time of Egypt and Wilderness		
H6154	9	OVERRIDE	H6154a	H6154b	H6154B	Arabia	mixture	mixture, mixed people, mixed company Another spelling of a.rav (עֲרָב 	1) woof 1a) as mixed, interwoven 1b) knitted material	a:0.00, b:0.00	a:1.00, b:1.00
H6154a	6	OWN	H6154a	H6154a	H6154M	Arabia	racial-mix	mixture, mixed people, mixed company  § 1) woof 1a) as mixed, interwov	mixture, mixed people, mixed company  § 1) woof 1a) as mixed, interwov		
H6155	5	OWN	H6155	H6155	H6155H	(Brook of) Willows	willow	1) poplar, willow 1a) a tree characterised by dark wood	1) poplar, willow 1a) a tree characterised by dark wood		
H6163	7	AUTO	H6163a	H6163a	H6163A	Arab	Arab	Group of a.rav (עֲרָב "Arabia" H6152B)  § Arabian, of Arabia "mixed"  	Group of a.rav (עֲרָב "Arabia" H6152B)  § Arabian, of Arabia "mixed"  	a:1.00, b:0.00	a:1.00, b:0.00
H6177	16	OWN	H6177	H6177	H6177G	Aroer	Aroer	§ Aroer = "ruins"  a town in southern Judah	Aroer = "ruins" a city in Ammon near the Jabbok belonging to Gad Also 		
H6186	75	AUTO	H6186a	H6186a	H6186A	to arrange	to arrange	1) to arrange, set or put or lay in order, set in array, prepare, orde	1) to arrange, set or put or lay in order, set in array, prepare, orde	a:0.13, b:0.05	a:0.53, b:0.07
H6190	16	OWN	H6190	H6190	H6190H	(Gilgal)-haaraloth	foreskin	foreskin, uncircumcised	foreskin, uncircumcised		
H6211	6	AUTO	H6211a	H6211a	H6211A	moth	moth	moth	moth	a:1.00, b:0.00	a:1.00, b:0.00
H6213	2626	AUTO	H6213a	H6213a	H6213A	to make: do	to make: do	: do/perform 1) to do, fashion, accomplish, make 1a) (Qal) 1a1) to do,	: do/perform 1) to do, fashion, accomplish, make 1a) (Qal) 1a1) to do,	a:0.10, b:0.00	a:0.47, b:0.00
H6213a	3	OWN	H6213a	H6213a	H6213A	to make: do	to make: do	: [do](ACTION) 1) to do, fashion, accomplish, make 1a) (Qal) 1a1) to d	: do/perform 1) to do, fashion, accomplish, make 1a) (Qal) 1a1) to do,		
H6214	24	OWN	H6214	H6214	H6214G	Asahel	Asahel	A man living at the time of Exile and Return, only mentioned at Ezr.10	A man living at the time of United Monarchy, first mentioned at 2Sa.2.		
H6215	97	OWN	H6215	H6215	H6215G	Esau	Esau	§ Esau = "hairy"  eldest son of Isaac and Rebecca and twin brother of 	A man living at the time of the Patriarchs, first mentioned at Gen.25.		
H6222	8	OWN	H6222	H6222	H6222G	Asaiah	Asaiah	A man living at the time of Divided Monarchy, first mentioned at 1Ch.1	A man living at the time of Divided Monarchy, first mentioned at 2Ki.2		
H6245	1	OVERRIDE	H6245a	H6245b	H6245B	to gleam	to think	(Qal) to be smooth, be shiny, gleam	(Hithpael) to think Aramaic equivalent: a.shit (עֲשִׁת "to plan" H6246	a:0.00, b:0.00	a:0.00, b:0.00
H6252	6	OWN	H6252	H6252	H6252G	Ashtaroth	Ashtaroth	§ Ashtaroth or Astaroth = "star"  a city in Bashan east of the Jordan 	§ Ashtaroth or Astaroth = "star"  false goddesses in the Canaanite rel		
H6262	4	OWN	H6262	H6262	H6262G	Attai	Attai	A man of the tribe of Judah living at the time of Divided Monarchy, on	A man of the tribe of Judah living at the time of Divided Monarchy, fi		
H6271	7	OWN	H6271	H6271	H6271G	Athaliah	Athaliah	A man living at the time of Exile and Return, only mentioned at Ezr.8.	A queen living at the time of Divided Monarchy, first mentioned at 2Ki		
H6282	1	AUTO	H6282a	H6282a	H6282A	worshiper	worshiper	suppliant, worshipper	suppliant, worshipper	a:1.00, b:0.00	a:1.00, b:0.00
H6286	13	CURATE	H6286a	H6286a	H6286A	to beautify	to beautify	1) to glorify, beautify, adorn 1a) (Piel) to glorify, beautify 1b) (Hi	1) to glorify, beautify, adorn 1a) (Piel) to glorify, beautify 1b) (Hi	a:0.08, b:0.00	a:0.77, b:0.00
H6305	7	OWN	H6305	H6305	H6305G	Pedaiah	Pedaiah	A man living at the time of Exile and Return, only mentioned at Neh.13	A man living at the time of Divided Monarchy, only mentioned at 2Ki.23		
H6310	498	OWN	H6310	H6310	H6310G	lip	lip	: one_third peh 1) mouth 1a) mouth (of man) 1b) mouth (as organ of spe	: lip/mouth peh 1) mouth 1a) mouth (of man) 1b) mouth (as organ of spe		
H6312	4	OWN	H6312	H6312	H6312G	Puah	Puah	A man living before Israel's Monarchy, only mentioned at Jdg.10.1;   d	A man of the tribe of Issachar living at the time of Egypt and Wildern		
H6316	7	OWN	H6316	H6316	H6316G	Put	Put	Phut or Put = "a bow"  a nation and people of northern Africa; probabl	A man living at the time of the Patriarchs, first mentioned at Gen.10.		
H6322	3	OWN	H6322	H6322	H6322G	Pul	Pul	Pul = "distinguishing"  the Babylonian name for Tiglath-pileser III, k	A man living at the time of Divided Monarchy, first mentioned at 2Ki.1		
H6327	65	AUTO	H6327a	H6327a	H6327A	to scatter	to scatter	1) to scatter, be dispersed, be scattered 1a) (Qal) to be dispersed, b	1) to scatter, be dispersed, be scattered 1a) (Qal) to be dispersed, b	a:0.86, b:0.00, c:0.00, d:0.00	a:0.94, b:0.00, c:0.01, d:0.00
H6335	4	CURATE	H6335a	H6335a	H6335A	to leap	to leap	1) to spring about 1a) (Qal) to frisk, act proudly (fig.)	1) to spring about 1a) (Qal) to frisk, act proudly (fig.)	a:0.25, b:0.25	a:0.25, b:0.25
H6341	25	AUTO	H6341a	H6341a	H6341A	snare	snare	1) bird trap, trap, snare 1a) bird trap (literal) 1b) of calamities, p	1) bird trap, trap, snare 1a) bird trap (literal) 1b) of calamities, p	a:0.68, b:0.00	a:0.96, b:0.00
H6355	12	OWN	H6355	H6355	H6355G	Pahath-moab	Pahath-moab	A man living at the time of Exile and Return, only mentioned at Neh.10	A man living at the time of Exile and Return, first mentioned at Ezr.2		
H6372	25	OWN	H6372	H6372	H6372G	Phinehas	Phinehas	A man living at the time of Exile and Return, only mentioned at Ezr.8.	A man of the tribe of Levi living at the time of Egypt and Wilderness,		
H6404	2	OWN	H6404	H6404	H6404G	Pelet	Pelet	A man living at the time of Divided Monarchy, only mentioned at 1Ch.12	A man of the tribe of Judah living at the time of Divided Monarchy, on		
H6406	2	OWN	H6406	H6406	H6406G	Palti	Palti	A man living at the time of United Monarchy, first mentioned at 1Sa.25	A man living at the time of Egypt and Wilderness, only mentioned at Nu		
H6409	2	OWN	H6409	H6409	H6409G	Paltiel	Paltiel	A man living at the time of United Monarchy, first mentioned at 1Sa.25	A man living at the time of Egypt and Wilderness, only mentioned at Nu		
H6410	3	OWN	H6410	H6410	H6410G	Pelatiah	Pelatiah	A man living at the time of Exile and Return, first mentioned at Ezk.1	A man of the tribe of Judah living at the time of Divided Monarchy, on		
H6430	288	OWN	H6430	H6430	H6430G	Philistine	Philistine	Philistine = "immigrants"  an inhabitant of Philistia; descendants of 	Philistine = "immigrants"  an inhabitant of Philistia; descendants of 		
H6431	2	OWN	H6431	H6431	H6431G	Peleth	Peleth	A man of the tribe of Judah living at the time of Divided Monarchy, on	A man living at the time of Egypt and Wilderness, only mentioned at Nu		
H6437	134	OWN	H6437	H6437	H6437G	to turn	to turn	This name means corner,  to turn, to  turn back Another spelling of pi	1) to turn 1a) (Qal) 1a1) to turn toward or from or away 1a2) to turn 		
H6438	31	OWN	H6438	H6438	H6438H	Corner (Gate)	corner	1) corner 1a) corner (of square objects) 1b) corner (of ruler or chief	1) corner 1a) corner (of square objects) 1b) corner (of ruler or chief		
H6439	2	OWN	H6439	H6439	H6439G	Peniel	Peniel	A man of the tribe of Benjamin  living at the time of Divided Monarchy	§ Penuel or Peniel = "facing God" the place named by Jacob when he wre		
H6440	2126	OWN	H6440	H6440	H6440G	face: before	face: before	: kindness/honour/favour/lift(head/face) 1) face 1a) face, faces 1b) p	: before/to/front 1) face 1a) face, faces 1b) presence, person 1c) fac		
H6452	4	AUTO	H6452a	H6452a	H6452A	to pass	to pass	1) to pass over, spring over 1a) (Qal) to pass over 1b) (Piel) to skip	1) to pass over, spring over 1a) (Qal) to pass over 1b) (Piel) to skip	a:1.00, b:0.00	a:1.00, b:0.00
H6454	4	OWN	H6454	H6454	H6454G	Paseah	Paseah	A man living at the time of Exile and Return, only mentioned at Neh.3.	A man of the tribe of Judah  living at the time of Divided Monarchy, o		
H6485	303	AUTO	H6485a	H6485a	H6485A	to reckon: list	to reckon: list	: list/count 1) to attend to, muster, number, reckon, visit, punish, a	: list/count 1) to attend to, muster, number, reckon, visit, punish, a	a:0.30, b:0.00	a:0.75, b:0.04
H6524	34	CURATE	H6524a	H6524a	H6524A	to sprout	to sprout	1) to bud, sprout, shoot, bloom 1a) (Qal) to bud, sprout, send out sho	1) to bud, sprout, shoot, bloom 1a) (Qal) to bud, sprout, send out sho	a:0.09, b:0.18, c:0.00	a:0.38, b:0.18, c:0.00
H6537	1	AUTO	H6537a	H6537a	H6537A	to divide	to divide	v  (P'al) to break in two, divide Aramaic of pa.ras (פָּרַס "to divide	v  (P'al) to break in two, divide Aramaic of pa.ras (פָּרַס "to divide	a:1.00, b:0.00	a:1.00, b:0.00
H6544	15	OVERRIDE	H6544a	H6544b	H6544B	to lead	to neglect	to lead, act as leader	1) to let go, let loose, ignore, let alone 1a) (Qal) 1a1) to let go, l	a:0.00, b:0.07	a:0.00, b:0.60
H6547	274	OWN	H6547	H6547	H6547G	Pharaoh	Pharaoh	A man of the Egyptians living at the time of Divided Monarchy, first m	A man of the Egyptians living at the time of the Patriarchs, first men		
H6551	6	OWN	H6551	H6551	H6551G	Parosh	Parosh	A man living at the time of Exile and Return, only mentioned at Neh.10	A man living at the time of Exile and Return, first mentioned at Ezr.2		
H6560	4	OWN	H6560	H6560	H6560G	Perez-uzza	Perez-uzza	A man living at the time of United Monarchy, first mentioned at 2Sa.6.	§ Perez-uzza or Perezuzzah = "breach of Uzza"  the place where Uzzah w		
H6565	47	AUTO	H6565a	H6565a	H6565A	to break	to break	1) to break, frustrate 1a) (Hiphil) 1a1) to break, violate 1a2) to fru	1) to break, frustrate 1a) (Hiphil) 1a1) to break, violate 1a2) to fru	a:0.30, b:0.00	a:0.55, b:0.30
H6567	3	CURATE	H6567a	H6567a	H6567A	to declare	to declare	1) to make distinct, declare, distinguish, separate 1a) (Qal) to decla	1) to make distinct, declare, distinguish, separate 1a) (Qal) to decla	a:0.00, b:0.00	a:1.00, b:0.00
H6571	57	AUTO	H6571a	H6571b	H6571B	horse	horseman	horse, steed, warhorse	horseman	a:0.09, b:0.74	a:0.09, b:0.74
H6583	14	OWN	H6583	H6583	H6583G	Pashhur	Pashhur	A man living at the time of Divided Monarchy, first mentioned at Jer.3	A man of the tribe of Levi  living at the time of Exile and Return, fi		
H6601	27	AUTO	H6601a	H6601b	H6601B	to open wide	to entice	1) to be spacious, be open, be wide 1a) (Qal) to be spacious or open o	1) to be simple, entice, deceive, persuade 1a) (Qal) 1a1) to be open-m	a:0.00, b:0.44	a:0.00, b:0.89
H6605	135	AUTO	H6605a	H6605a	H6605A	to open	to open	1) to open 1a) (Qal) to open 1b) (Niphal) to be opened, be let loose, 	1) to open 1a) (Qal) to open 1b) (Niphal) to be opened, be let loose, 	a:0.79, b:0.00	a:0.89, b:0.00
H6611	4	OWN	H6611	H6611	H6611G	Pethahiah	Pethahiah	A man living at the time of Exile and Return, only mentioned at Neh.11	A man living at the time of Divided Monarchy, only mentioned at 1Ch.24		
H6612	16	AUTO	H6612a	H6612a	H6612A	simple	simple	adj  simple, foolish, open-minded	adj  simple, foolish, open-minded	a:1.00, b:0.00	a:1.00, b:0.00
H6629	274	OWN	H6629	H6629	H6629G	flock	flock	This name means  sheep and goats Also named: probatikos (προβατικός "S	1) small cattle, sheep, sheep and goats, flock, flocks 1a) small cattl		
H6632	2	AUTO	H6632a	H6632a	H6632A	litter	litter	a carrying vehicle, litter, covered wagon	a carrying vehicle, litter, covered wagon	a:0.50, b:0.00	a:1.00, b:0.00
H6635	486	CURATE	H6635a	H6635a	H6635A	army	army	: army 1) that which goes forth, army, war, warfare, host 1a) army, ho	: army 1) that which goes forth, army, war, warfare, host 1a) army, ho	a:0.20, b:0.65	a:0.87, b:0.65
H6643	18	AUTO	H6643a	H6643a	H6643A	beauty	beauty	1) beauty, glory, honour 1a) beauty, decoration 1b) honour	1) beauty, glory, honour 1a) beauty, decoration 1b) honour	a:0.11, b:0.00	a:0.44, b:0.00
H6649	8	OWN	H6649	H6649	H6649G	Zibeon	Zibeon	A man living at the time of the Patriarchs, first mentioned at Gen.36.	A man living at the time of the Patriarchs, first mentioned at Gen.36.		
H6650	1	OWN	H6650	H6650	H6650G	Zeboim	Zeboim	Combined with gay (גַּיְא " Valley" H1516I)  § Zeboim = "speckled"  ci	§ Zeboim = "speckled"  city and surrounding valley in Benjamin between		
H6658	2	CURATE	H6658a	H6658a	H6658A	to ambush	to ambush	(Qal) to lie in wait	(Qal) to lie in wait	a:0.00, b:0.00	a:0.50, b:0.00
H6659	53	OWN	H6659	H6659	H6659G	Zadok	Zadok	A man living at the time of Exile and Return, only mentioned at Neh.13	A man of the tribe of Levi living at the time of United Monarchy, firs		
H6664	119	OWN	H6664	H6664	H6664G	righteousness	righteousness	This name means  justice, righteousness Another name of ye.ho.vah (יהו	1) justice, rightness, righteousness 1a) what is right or just or norm		
H6667	7	OWN	H6667	H6667	H6667G	Zedekiah	Zedekiah	A man living at the time of Divided Monarchy, only mentioned at Jer.36	A man living at the time of Divided Monarchy, first mentioned at 1Ki.2		
H6670	8	CURATE	H6670a	H6670a	H6670A	to cry out	to cry out	1) to neigh, cry shrilly 1a) (Qal) 1a1) to neigh (of men as stallions-	1) to neigh, cry shrilly 1a) (Qal) 1a1) to neigh (of men as stallions-	a:0.12, b:0.00	a:0.38, b:0.00
H6672	1	AUTO	H6672a	H6672b	H6672B	midday	roof	1) noon, midday 1a) noon (as specific time of day) 1b) noon (in simile	2) roof 2a) meaning uncertain	a:0.00, b:1.00	a:0.00, b:1.00
H6677	41	AUTO	H6677a	H6677a	H6677A	neck	neck	1) neck, back of neck 1a) neck, back of neck (of man) 1b) neck (of ani	1) neck, back of neck 1a) neck, back of neck (of man) 1b) neck (of ani	a:0.95, b:0.00	a:0.95, b:0.00
H6678	10	OWN	H6678	H6678	H6678G	Zobah	Zobah	Zoba or Zobah = "station"  the name of a portion of Syria which formed	§ Zoba or Zobah = "station"  the name of a portion of Syria which form		
H6679	17	AUTO	H6679a	H6679a	H6679A	to hunt	to hunt	1) to hunt 1a) (Qal) to hunt 1b) (Poel) to hunt, hunt eagerly or keenl	1) to hunt 1a) (Qal) to hunt 1b) (Poel) to hunt, hunt eagerly or keenl	a:0.88, b:0.00	a:0.88, b:0.00
H6689	3	OWN	H6689	H6689	H6689G	Zuph	Zuph	§ Zuph or Zophai = "honeycomb"  a district northwest of Jerusalem wher	A man of the tribe of Levi living at the time of United Monarchy, firs		
H6692	8	AUTO	H6692a	H6692a	H6692A	to blossom	to blossom	1) to blossom, shine, sparkle 1a) (Qal) 1a1) to flourish 1a2) to shine	1) to blossom, shine, sparkle 1a) (Qal) 1a1) to flourish 1a2) to shine	a:0.25, b:0.00	a:0.88, b:0.00
H6695	3	CURATE	H6695a	H6695a	H6695A	distress	distress	1) constraint, distress, strait 1a) distress, anguish (fig.)	1) constraint, distress, strait 1a) distress, anguish (fig.)	a:0.33, b:0.67	a:1.00, b:1.00
H6696	32	CURATE	H6696a	H6696a	H6696A	to confine	to confine	1) to bind, besiege, confine, cramp 1a) (Qal) 1a1) to confine, secure 	1) to bind, besiege, confine, cramp 1a) (Qal) 1a1) to confine, secure 	a:0.00, b:0.00, c:0.00	a:0.62, b:0.00, c:0.00
H6697	73	OWN	H6697	H6697	H6697H	Rocks (of Goats)	rock	1) rock, cliff 1a) rocky wall, cliff 1b) rock (with flat surface) 1c) 	1) rock, cliff 1a) rocky wall, cliff 1b) rock (with flat surface) 1c) 		
H6698	5	OWN	H6698	H6698	H6698G	Zur	Zur	A man of the tribe of Benjamin living at the time of United Monarchy, 	A man living at the time of Egypt and Wilderness, only mentioned at Nu		
H6714	5	OWN	H6714	H6714	H6714G	Zohar	Zohar	A man of the tribe of Simeon living at the time of Egypt and Wildernes	A man living at the time of the Patriarchs, first mentioned at Gen.23.		
H6718	14	AUTO	H6718a	H6718a	H6718A	wild game	wild game	1) hunting, game 1a) hunting 1b) game hunted	1) hunting, game 1a) hunting 1b) game hunted	a:0.64, b:0.00	a:0.71, b:0.00
H6721	22	OWN	H6721	H6721	H6721G	Sidon	Sidon	Sidon = "hunting"  ancient Phoenician city, on Mediterranean coast nor	A man of the Canaanites living at the time of the Patriarchs, first me		
H6727	3	OWN	H6727	H6727	H6727G	Ziha	Ziha	A man living at the time of Exile and Return, only mentioned at Neh.11	A man living at the time of Exile and Return, first mentioned at Ezr.2		
H6731	14	AUTO	H6731a	H6731a	H6731A	flower	flower	1) flower, bloom 1a) flower, bloom 1b) shining thing (of gold plate on	1) flower, bloom 1a) flower, bloom 1b) shining thing (of gold plate on	a:0.71, b:0.00	a:0.93, b:0.00
H6735	1	AUTO	H6735a	H6735b	H6735B	envoy	hinge	envoy, messenger	pivot of door, hinge	a:0.00, b:1.00, c:0.00	a:0.00, b:1.00, c:0.00
H6743	55	AUTO	H6743a	H6743b	H6743B	to rush	to prosper	(Qal) to rush	1) to advance, prosper, make progress, succeed, be profitable 1a) (Qal	a:0.00, b:0.36	a:0.00, b:0.74
H6756	1	AUTO	H6756a	H6756a	H6756A	(Mount) Zalmon	(Mount) Zalmon	Zalmon = "shady"  a wooded hill in Samaria near Shechem Another name o	Zalmon = "shady"  a wooded hill in Samaria near Shechem Another name o	a:1.00, b:1.00	a:1.00, b:1.00
H6767	1	OVERRIDE	H6767a	H6767c	H6767C	buzzing	whirring	whirring, buzzing	whirring locust	a:0.00, b:0.00, c:0.00, d:0.00	a:0.00, b:0.00, c:0.00, d:0.00
H6769	2	OWN	H6769	H6769	H6769G	Zillethai	Zillethai	A man living at the time of Divided Monarchy, only mentioned at 1Ch.12	A man of the tribe of Benjamin living at the time of Divided Monarchy,		
H6781	6	AUTO	H6781a	H6781a	H6781A	bracelet	bracelet	bracelet	bracelet	a:1.00, b:0.00	a:1.00, b:0.00
H6793	1	OVERRIDE	H6793a	H6793b	H6793B	hook	coolness	1) something piercing, hook, barb 1a) meaning uncertain	coolness, cold (of snow)	a:0.00, b:0.00, c:0.00	a:0.00, b:1.00, c:0.00
H6800	1	NO_SIGNAL	H6800a	H6800a	H6800A	be humble	be humble	1) to be humble, be modest, be lowly 1a) (Qal) to show humility 2) (Hi	1) to be humble, be modest, be lowly 1a) (Qal) to show humility 2) (Hi	a:0.00, b:0.00	a:0.00, b:0.00
H6807	2	AUTO	H6807a	H6807a	H6807A	marching	marching	marching	marching	a:1.00, b:0.00	a:1.00, b:0.00
H6828	153	OWN	H6828	H6828	H6828G	north	north	This name means  north  Also named: tsa.phon (צָפוֹן "Zaphon" H6829)	1) north (of direction), northward 1a) north 1b) northward		
H6846	8	OWN	H6846	H6846	H6846G	Zephaniah	Zephaniah	A man of the tribe of Levi living at the time of Divided Monarchy, fir	A man living at the time of Divided Monarchy, first mentioned at 2Ki.2		
H6862	31	AUTO	H6862a	H6862b	H6862B	narrow	distress	narrow, tight	straits, distress	a:0.07, b:0.52, c:0.00, d:0.00	a:0.07, b:0.52, c:0.00, d:0.00
H6867	2	AUTO	H6867a	H6867b	H6867B	burning	scar	adj  burning, scorching	scab, scar of a sore	a:0.00, b:1.00	a:0.00, b:1.00
H6868	2	OWN	H6868	H6868	H6868G	Zeredah	Zeredah	Zereda or Zeredathah = "fortress"  a town or territory in Manasseh and	§ Zereda or Zeredathah = "fortress"  a town or territory in Manasseh a		
H6869	70	AUTO	H6869a	H6869b	H6869B	dearth	distress	death, destitution	straits, distress, trouble	a:0.00, b:0.34, c:0.00	a:0.00, b:0.87, c:0.00
H6872	7	AUTO	H6872a	H6872a	H6872A	bundle	bundle	bundle, parcel, pouch, bag (as packed)	bundle, parcel, pouch, bag (as packed)	a:0.29, b:0.00, c:0.00	a:0.86, b:0.00, c:0.29
H6887	45	OVERRIDE	H6887a	H6887b	H6887B	to confine	to constrain	to confine, besiege Another spelling of tsur (צוּר "to confine" H6696A	1) to bind, be narrow, be in distress, make narrow, cause distress, be	a:0.00, b:0.00, c:0.27, d:0.00, e:0.00	a:0.09, b:0.51, c:0.29, d:0.00, e:0.00
H6905	1	OWN	H6905	H6905	H6905H	Ible	before	before  Aramaic equivalent: qe.vel (קֳבֵל "before" H6903)	before  Aramaic equivalent: qe.vel (קֳבֵל "before" H6903)		
H6918	116	OWN	H6918	H6918	H6918G	holy	holy	: saint/priest  sacred, holy, Holy One, saint, set apart A sub-meaning	: holy  sacred, holy, Holy One, saint, set apart		
H6924	60	AUTO	H6924a	H6924a	H6924G	East	front: east	This name means  east, antiquity, front	: east 1) east, antiquity, front, that which is before, aforetime 1a) 	a:0.75, b:0.45	a:0.88, b:0.45
H6924a	27	OWN	H6924a	H6924a	H6924G	East	front: east	: forward 1) east, antiquity, front, that which is before, aforetime 1	: east 1) east, antiquity, front, that which is before, aforetime 1a) 		
H6931	10	OWN	H6931	H6931	H6931G	eastern	eastern	: older 1) former, ancient, eastern 1a) former, ancient 1b) eastern	: eastern 1) former, ancient, eastern 1a) former, ancient 1b) eastern 		
H6942	171	OWN	H6942	H6942	H6942G	to consecrate: consecate	to consecrate: consecate	: holiness 1) to consecrate, sanctify, prepare, dedicate, be hallowed,	: consecate/sanctify 1) to consecrate, sanctify, prepare, dedicate, be		
H6943	12	OWN	H6943	H6943	H6943G	Kedesh	Kedesh	Kedesh = "holy place"  a fortified Canaanite city allotted to Naphtali	§ Kedesh = "holy place"  a fortified Canaanite city allotted to Naphta		
H6944	469	OWN	H6944	H6944	H6944G	holiness	holiness	This name means  apartness, holiness, sacredness Also named: hagion (ἅ	1) apartness, holiness, sacredness, separateness 1a) apartness, sacred		
H6946	18	OWN	H6946	H6946	H6946G	Kadesh	Kadesh	Combined with me.ri.vah (מְרִיבָה "Meribah" H4809H)  § Kadesh = "holy"	§ Kadesh = "holy"   a city in the extreme south of Judah  same as 'Ked		
H6957	13	OVERRIDE	H6957a	H6957b	H6957B	cord	line	1) line, measuring-line 2) (BDB) onomatapoetic mimicry of Isaiah's wor	1) cord, line, measuring-line 1a) cord 1b) measuring-line	a:0.00, b:0.92	a:0.92, b:0.92
H6960	47	CURATE	H6960a	H6960a	H6960A	to await	to await	1) to wait, look for, hope, expect 1a) (Qal) waiting (participle) 1b) 	1) to wait, look for, hope, expect 1a) (Qal) waiting (participle) 1b) 	a:0.00, b:0.00	a:1.00, b:0.00
H6963	505	AUTO	H6963a	H6963a	H6963A	voice	voice	: voice/shout/loud 1) voice, sound, noise 1a) voice 1b) sound (of inst	: voice/shout/loud 1) voice, sound, noise 1a) voice 1b) sound (of inst	a:0.89, b:0.00	a:0.93, b:0.00
H6963a	1	OWN	H6963a	H6963a	H6963A	voice	voice	: listen 1) voice, sound, noise 1a) voice 1b) sound (of instrument)	: voice/shout/loud 1) voice, sound, noise 1a) voice 1b) sound (of inst		
H6964	2	OWN	H6964	H6964	H6964G	Kolaiah	Kolaiah	A man living at the time of Divided Monarchy, only mentioned at Jer.29	A man living at the time of Exile and Return, only mentioned at Neh.11		
H6965	627	AUTO	H6965a	H6965b	H6965B	(Leb)-kamai	to arise: rise	Combined with lev (לֵב "Leb" H3820B)  § -Kamai = "my adversary"  Leb-k	: rise/get_going 1) to rise, arise, stand, rise up, stand up 1a) (Qal)	a:0.00, b:0.35	a:0.01, b:0.63
H6966	35	OWN	H6966	H6966	H6966G	to stand: rise	to stand: rise	: establish/stand_firm/confirm/fulfill/fix 1) to arise, stand 1a) (P'a	: rise/get_going 1) to arise, stand 1a) (P'al) 1a1) to arise from 1a2)		
H6976	1	OWN	H6976	H6976	H6976G	Koz	Koz	A man living at the time of Exile and Return, first mentioned at Neh.3	A man of the tribe of Judah living at the time of Egypt and Wilderness		
H6979	2	NO_SIGNAL	H6979a	H6979a	H6979A	to dig	to dig	(Qal) to bore, dig, dig for water	(Qal) to bore, dig, dig for water	a:0.00, b:0.00, c:0.00	a:0.00, b:0.00, c:0.00
H6981	3	OWN	H6981	H6981	H6981G	Kore	Kore	A man living at the time of Divided Monarchy, only mentioned at 2Ch.31	A man of the tribe of Levi living at the time of Egypt and Wilderness,		
H6999	114	AUTO	H6999a	H6999a	H6999A	to offer: burn	to offer: burn	: burn v 1) to sacrifice, burn incense, burn sacrifices, make sacrific	: burn v 1) to sacrifice, burn incense, burn sacrifices, make sacrific	a:1.00, b:0.40, c:0.40	a:1.00, b:0.40, c:0.40
H7014	16	OVERRIDE	H7014a	H7014b	H7014B	Kain	Cain	§ Kenite = "smiths" n pr gent  the tribe from which the father-in-law 	A man living at the time before the Flood, first mentioned at Gen.4.1;	a:0.00, b:1.00	a:1.00, b:1.00
H7014a	2	OWN	H7014a	H7014a	H7014A	Kain	Kain	Ancestors of Heber (H2268H) or Hobab (H2246), first mentioned at Gen.1	§ Kenite = "smiths" n pr gent  the tribe from which the father-in-law 		
H7027	21	OWN	H7027	H7027	H7027G	Kish	Kish	A man living at the time of Exile and Return, only mentioned at Est.2.	A man of the tribe of Benjamin living at the time of United Monarchy, 		
H7032	7	OWN	H7032	H7032	H7032G	voice: sound	voice: sound	: voice  voice, sound Aramaic of qol (קוֹל ": sound" H6963H)	: sound  voice, sound Aramaic of qol (קוֹל ": sound" H6963H)		
H7042	3	OWN	H7042	H7042	H7042G	Kelita	Kelita	A man living at the time of Exile and Return, only mentioned at Ezr.10	A man living at the time of Exile and Return, first mentioned at Neh.8		
H7049	4	AUTO	H7049a	H7049a	H7049A	to sling	to sling	1) to sling, hurl forth 1a) (Qal) 1a1) to sling 1a2) slinger (particip	1) to sling, hurl forth 1a) (Qal) 1a1) to sling 1a2) slinger (particip	a:0.75, b:0.00	a:0.75, b:0.00
H7050	6	AUTO	H7050a	H7050a	H7050A	sling	sling	sling, slingstones	sling, slingstones	a:1.00, b:0.00	a:1.00, b:0.00
H7055	3	OWN	H7055	H7055	H7055G	Kemuel	Kemuel	A man living at the time of Divided Monarchy, only mentioned at 1Ch.27	A man living at the time of the Patriarchs, only mentioned at Gen.22.2		
H7067	6	OWN	H7067	H7067	H7067H	Jealous	jealous	jealous (only of God)	jealous (only of God)		
H7070	62	OWN	H7070	H7070	H7070G	branch	branch	: calamus 1) reed, stalk, bone, balances 1a) stalk 1b) water-plant, re	: branch 1) reed, stalk, bone, balances 1a) stalk 1b) water-plant, ree		
H7071	3	OWN	H7071	H7071	H7071G	Kanah	Kanah	Kanah = "reed"  a town marking the boundary of Asher Also named: Kana 	§ Kanah = "reed"   a stream flowing into the Mediterranean Sea that ma		
H7073	11	OWN	H7073	H7073	H7073G	Kenaz	Kenaz	A man of the tribe of Judah  living at the time of Divided Monarchy, o	A man of the Edomites living at the time of the Patriarchs, first ment		
H7074	4	OWN	H7074	H7074	H7074G	Kenizzite	Kenizzite	Someone descended from Kenaz who was a man living at the time of Egypt	Someone descended from Keniz(?), only mentioned at Gen.15.19  § Kenezi		
H7087	3	AUTO	H7087a	H7087a	H7087A	to congeal	to congeal	v 1) to thicken, condense, congeal, settle, become dense 1a) (Qal) to 	v 1) to thicken, condense, congeal, settle, become dense 1a) (Qal) to 	a:0.33, b:0.00	a:0.67, b:0.00
H7105	49	AUTO	H7105a	H7105a	H7105A	harvest	harvest	1) harvest, harvesting 1a) process of harvesting 1b) crop, what is har	1) harvest, harvesting 1a) process of harvesting 1b) crop, what is har	a:0.98, b:0.00	a:0.98, b:0.00
H7106	1	AUTO	H7106a	H7106a	H7106A	to scrape	to scrape	1) to scrape, scrape off, cut off 1a) (Hiphil) to scrape	1) to scrape, scrape off, cut off 1a) (Hiphil) to scrape	a:1.00, b:0.00	a:1.00, b:0.00
H7110	28	AUTO	H7110a	H7110a	H7110A	wrath	wrath	1) wrath, anger 1a) of God 1b) of man	1) wrath, anger 1a) of God 1b) of man	a:0.71, b:0.00	a:0.96, b:0.00
H7114	34	AUTO	H7114a	H7114b	H7114B	be short	to reap	1) to be short, be impatient, be vexed, be grieved 1a) (Qal) to be sho	1) to reap, harvest 1a) (Qal) to reap, harvest 1b) (Hiphil) to reap, h	a:0.00, b:0.62	a:0.00, b:0.68
H7121	733	OWN	H7121	H7121	H7121G	to call: call to	to call: call to	: read_out/dictated 1) to call, call out, recite, read, cry out, procl	: call_to/invite/entreat 1) to call, call out, recite, read, cry out, 		
H7122	138	OWN	H7122	H7122	H7122G	to encounter: meet	to encounter: meet	: happen[unexpectedly] 1) to encounter, befall, meet 1a) (Qal) 1a1) to	: meet 1) to encounter, befall, meet 1a) (Qal) 1a1) to meet, encounter		
H7126	280	OWN	H7126	H7126	H7126G	to present: come	to present: come	: bring/offer 1) to come near, approach, enter into, draw near 1a) (Qa	: come/approach 1) to come near, approach, enter into, draw near 1a) (		
H7130	227	OWN	H7130	H7130	H7130G	entrails: among	entrails: among	: inner_parts 1) midst, among, inner part, middle 1a) inward part 1a1)	: among/within 1) midst, among, inner part, middle 1a) inward part 1a1		
H7136	22	CURATE	H7136a	H7136a	H7136A	to meet	to meet	1) to encounter, meet, befall, happen, come to meet 1a) (Qal) 1a1) to 	1) to encounter, meet, befall, happen, come to meet 1a) (Qal) 1a1) to 	a:0.04, b:0.00	a:0.68, b:0.00
H7141	37	OWN	H7141	H7141	H7141G	Korah	Korah	A man of the tribe of Judah  living at the time of Divided Monarchy, o	A man of the Edomites living at the time of the Patriarchs, first ment		
H7152	4	OWN	H7152	H7152	H7152G	Kerioth	Kerioth	Kerioth = "cities"  a city in Moab Another name of qir.ya.ta.yim (קִרְ	§ Kerioth = "cities"   a town in the southern district of Judah		
H7156	7	OWN	H7156	H7156	H7156G	Kiriathaim	Kiriathaim	Kiriathaim, villages (1Ch.6.76)   § Kiriathaim = "two cities"   a town	Kiriathaim = "two cities"   a city east of the Jordan in Moab Also nam		
H7161	75	AUTO	H7161a	H7161a	H7161A	horn	horn	1) horn 1a) horn 1b) of strength (fig) 1c) flask (container for oil) 1	1) horn 1a) horn 1b) of strength (fig) 1c) flask (container for oil) 1	a:0.92, b:0.00	a:0.96, b:0.00
H7178	1	OWN	H7178	H7178	H7156H	Kartan	Kartan	Kartan = "two cities" 1) a town in Naphtali allotted to the Gershonite	Kartan, commander,  (Jos.21.32)		
H7189	1	OVERRIDE	H7189a	H7189b	H7189B	bow	truth	bow	truth, balanced verity Aramaic equivalent: qe.shot (קְשֹׁט "truth" H71	a:0.00, b:0.00	a:0.00, b:0.00
H7197	8	AUTO	H7197a	H7197a	H7197A	to gather	to gather	to gather, collect, gather stubble or sticks	to gather, collect, gather stubble or sticks	a:1.00, b:0.00	a:1.00, b:1.00
H7200	1299	OWN	H7200	H7200	H7200G	to see: see	to see: see	(Lord will) Provide, cause to be seen.  This name means  to see, look 	: see/show 1) to see, look at, inspect, perceive, consider 1a) (Qal) 1		
H7203	11	AUTO	H7203a	H7203a	H7203A	seer	seer	seer, prophet	seer, prophet	a:1.00, b:0.00	a:1.00, b:0.00
H7211	4	OWN	H7211	H7211	H7211G	Reaiah	Reaiah	A man of the tribe of Judah living at the time of Divided Monarchy, fi	A man of the tribe of Reuben  living at the time of Divided Monarchy, 		
H7216	5	OWN	H7216	H7216	H7216G	Ramoth	Ramoth	Ramoth = "heights"  a Levitical city in Issachar Another spelling of r	§ Ramoth = "heights"   a place in Issachar		
H7218	599	AUTO	H7218a	H7218a	H7218A	head	head	: head 1) head, top, summit, upper part, chief, total, sum, height, fr	: head 1) head, top, summit, upper part, chief, total, sum, height, fr	a:0.81, b:0.00	a:0.94, b:0.08
H7223	182	OWN	H7223	H7223	H7223G	first	first	: chief adj 1) first, primary, former 1a) former (of time) 1a1) ancest	: first adj 1) first, primary, former 1a) former (of time) 1a1) ancest		
H7225	51	OWN	H7225	H7225	H7225G	first: beginning	first: beginning	: best 1) first, beginning, best, chief 1a) beginning 1b) first 1c) ch	: beginning 1) first, beginning, best, chief 1a) beginning 1b) first 1		
H7227	422	AUTO	H7227a	H7227a	H7227A	many	many	adj 1) much, many, great 1a) much 1b) many 1c) abounding in 1d) more n	adj 1) much, many, great 1a) much 1b) many 1c) abounding in 1d) more n	a:0.69, b:0.00	a:0.87, b:0.00
H7227a	29	OWN	H7227a	H7227a	H7227A	many	many	Combined with tsi.don (צִידוֹן "Sidon" H6721H)  § captain, chief	adj 1) much, many, great 1a) much 1b) many 1c) abounding in 1d) more n		
H7235	175	AUTO	H7235a	H7235a	H7235A	to multiply	to multiply	1) be or become great, be or become many, be or become much, be or bec	1) be or become great, be or become many, be or become much, be or bec	a:0.20, b:0.00	a:0.67, b:0.00
H7247	11	OWN	H7247	H7247	H7247G	Riblah	Riblah	Riblah = "fertility"   a town in the land of Hamath on the great road 	§ Riblah = "fertility"   a place on the eastern boundary of Israel		
H7249	6	OWN	H7249	H7249	H7249G	Rab-saris	Rab-saris	A man living at the time of Divided Monarchy, first mentioned at Jer.3	A man living at the time of Divided Monarchy, only mentioned at 2Ki.18		
H7280	13	CURATE	H7280a	H7280a	H7280A	to disturb	to disturb	1) to act in an instant, stir up, disturb 1a) (Qal) to stir up, distur	1) to act in an instant, stir up, disturb 1a) (Qal) to stir up, distur	a:0.00, b:0.23, c:0.08	a:0.23, b:0.31, c:0.08
H7285	1	AUTO	H7285a	H7285a	H7285A	throng	throng	throng, in company	throng, in company	a:1.00, b:0.00	a:1.00, b:0.00
H7287	23	AUTO	H7287a	H7287a	H7287A	to rule	to rule	1) to rule, have dominion, dominate, tread down 1a) (Qal) to have domi	1) to rule, have dominion, dominate, tread down 1a) (Qal) to have domi	a:0.65, b:0.00	a:0.74, b:0.00
H7298	3	AUTO	H7298a	H7298a	H7298A	trough	trough	trough, hollow	trough, hollow	a:1.00, b:0.00	a:1.00, b:0.00
H7307	378	OWN	H7307	H7307	H7307G	spirit	spirit	: temper 1) wind, breath, mind, spirit 1a) breath 1b) wind 1b1) of hea	: spirit 1) wind, breath, mind, spirit 1a) breath 1b) wind 1b1) of hea		
H7311	191	AUTO	H7311a	H7311a	H7311A	to exalt	to exalt	1) to rise, rise up, be high, be lofty, be exalted 1a) (Qal) 1a1) to b	1) to rise, rise up, be high, be lofty, be exalted 1a) (Qal) 1a1) to b	a:0.27, b:0.00	a:0.81, b:0.00
H7316	2	OWN	H7316	H7316	H7316G	Dumah	Dumah	Rumah = "height"  home of the grandfather of king Jehoiakim of Judah A	§ Rumah = "height"  home of the grandfather of king Jehoiakim of Judah		
H7323	103	OWN	H7323	H7323	H7323G	to run: run	to run: run	: pieces 1) to run 1a) (Qal) 1a1) to run 1a2) runners (participle as s	: run/runner/messenger 1) to run 1a) (Qal) 1a1) to run 1a2) runners (p		
H7340	3	OWN	H7340	H7340	H7340G	Rehob	Rehob	Rehob = "broad place"  the northern limit of the exploration of the sp	§ Rehob = "broad place" the northern limit of the exploration of the s		
H7342	21	OWN	H7342	H7342	H7342H	Broad	broad: wide	broad, wide A sub-meaning of ra.chav (רָחָב ": wide" H7342H)	broad, wide Also means: ra.chav (רָחָב ": arrogant" H7342I)		
H7344	3	OWN	H7344	H7344	H7344G	Rehoboth	Rehoboth	Rehoboth = "wide places or streets"   one of the 4 cities built by Ass	§ Rehoboth = "wide places or streets"   the 3rd of a series of wells d		
H7348a	4	OWN	H7348a	H7348a	H7348A	Rehum	Rehum	A man living at the time of Exile and Return, only mentioned at Neh.10	A man living at the time of Exile and Return, first mentioned at Ezr.2		
H7356	39	AUTO	H7356a	H7356b	H7356B	womb	compassion	womb Another spelling of re.chem (רֶ֫חֶם "womb" H7358)	compassion Aramaic equivalent: re.chem (רַחֲמִין "compassion" H7359)	a:0.00, b:0.74	a:0.00, b:0.74
H7363	3	AUTO	H7363a	H7363b	H7363B	be weak	to hover	(Qal) to grow soft, relax, weak	(Piel) to hover	a:0.00, b:0.67	a:0.00, b:0.67
H7393	119	OWN	H7393	H7393	H7393G	chariot	chariot	: millstone 1) a team, chariot, chariotry, mill-stone, riders 1a) char	: chariot 1) a team, chariot, chariotry, mill-stone, riders 1a) chario		
H7394	13	OWN	H7394	H7394	H7394G	Rechab	Rechab	A man living at the time of Exile and Return, only mentioned at Neh.3.	A man living at the time of United Monarchy, first mentioned at 2Sa.4.		
H7397	1	AUTO	H7397a	H7397b	H7397B	Rechabite	Recah	A man living at the time of Divided Monarchy, first mentioned at 2Ki.1	§ Rechah = "uttermost part"   a place in Judah  perhaps the village of	a:0.00, b:1.00	a:0.00, b:1.00
H7410	7	OWN	H7410	H7410	H7410G	Ram	Ram	A man living at the time of the Patriarchs, only mentioned at Job.32.2	A man of the tribe of Judah living at the time of United Monarchy, fir		
H7411	4	AUTO	H7411a	H7411a	H7411A	to shoot	to shoot	1) to cast, shoot, hurl 1a) (Qal) 1a1) to throw 1a2) bow-shooters, bow	1) to cast, shoot, hurl 1a) (Qal) 1a1) to throw 1a2) bow-shooters, bow	a:0.50, b:0.00	a:1.00, b:0.00
H7414	36	OWN	H7414	H7414	H7414G	Ramah	Ramah	Ramah = "hill"   a place of battle between Israel and Syria Another na	Ramah = "hill"   a place rehabited by the Benjamites after the return 		
H7417	3	AUTO	H7417a	H7417a	H7417A	Rimmon	Rimmon	§ Rimmon = "pomegranate" n pr dei  the deity of wind, rain, and storm,	§ Rimmon = "pomegranate" n pr dei  the deity of wind, rain, and storm,	a:1.00, b:1.00, c:1.00	a:1.00, b:1.00, c:1.00
H7417c	1	OWN	H7417c	H7417c	H7417C	(Rock of) Rimmon	(Rock of) Rimmon	Rimmon = "pomegranate" a Levitical city in Zebulun located approximate	§ Rimmon = "pomegranate"   the Rock; a cliff or inaccessible natural f		
H7418	4	OWN	H7418	H7418	H7418G	Ramoth	Ramoth	Ramoth= "heights"    Another name of ba.a.lat be.er (בַּעֲלַת בְּאֵר "	Ramoth= "heights"   a place in Judah which received presents from Davi		
H7423	6	OVERRIDE	H7423a	H7423b	H7423B	deceit	slackness	deceit, treachery	laxness, slackness, slackening	a:0.00, b:0.17	a:0.00, b:0.17
H7442	53	AUTO	H7442a	H7442b	H7442B	to overcome	to sing	1) to overcome 1a) (Hithpolel) to be overcome	1) to cry out, shout for joy, give a ringing cry 1a) (Qal) 1a1) to giv	a:0.00, b:0.64	a:0.00, b:0.93
H7447	1	AUTO	H7447a	H7447a	H7447A	drop	drop	drop (of dew)	drop (of dew)	a:1.00, b:0.00	a:1.00, b:0.00
H7451	357	AUTO	H7451a	H7451a	H7451A	bad: harmful	bad: harmful	: harmful adj 1) bad, evil 1a) bad, disagreeable, malignant 1b) bad, u	: harmful adj 1) bad, evil 1a) bad, disagreeable, malignant 1b) bad, u	a:0.74, b:0.73, c:0.68	a:0.79, b:0.76, c:0.69
H7462	86	OVERRIDE	H7462a	H7462b	H7462B	House of Shepherds	to pasture	Ra'ah = "pasturing"  perh. "binding-house of the shepherds"	1) to pasture, tend, graze, feed 1a) (Qal) 1a1) to tend, pasture 1a1a)	a:0.21, b:0.19, c:0.00, d:0.00	a:0.40, b:0.91, c:0.00, d:0.00
H7467	11	OWN	H7467	H7467	H7467G	Reuel	Reuel	A man living at the time of Egypt and Wilderness, first mentioned at E	A man of the Edomites living at the time of the Patriarchs, first ment		
H7484	5	OWN	H7484	H7484	H7484G	Raamah	Raamah	§ Raamah = "horse's mane"   a home of traders	A man of the Cushites living at the time of the Patriarchs, first ment		
H7488	19	CURATE	H7488a	H7488a	H7488A	be fresh	be fresh	v  (Palel) to be or grow luxuriant or fresh or green	v  (Palel) to be or grow luxuriant or fresh or green	a:0.05, b:0.05	a:0.84, b:0.10
H7489	97	CURATE	H7489a	H7489a	H7489A	be evil	be evil	1) to be bad, be evil 1a)(Qal) 1a1) to be displeasing 1a2) to be sad 1	1) to be bad, be evil 1a)(Qal) 1a1) to be displeasing 1a2) to be sad 1	a:0.20, b:0.00	a:0.39, b:0.01
H7497	11	AUTO	H7497a	H7497b	H7497B	Rapha	Rephaim	A man living at the time of United Monarchy, first mentioned at 2Sa.21	1) giants, Rephaim 1a) old tribe of giants  2) People descended from R	a:0.00, b:0.91	a:0.09, b:1.00
H7498	3	OWN	H7498	H7498	H7498G	Raphah	Raphah	A man of the tribe of Benjamin living at the time of Egypt and Wildern	A man of the tribe of Benjamin living at the time of Divided Monarchy,		
H7509	5	OWN	H7509	H7509	H7509G	Rephaiah	Rephaiah	A man of the tribe of Benjamin living at the time of Divided Monarchy,	A man of the tribe of Judah living at the time of Divided Monarchy, on		
H7526	11	OWN	H7526	H7526	H7526G	Rezin	Rezin	A man living at the time of Exile and Return, first mentioned at Ezr.2	A man living at the time of Divided Monarchy, first mentioned at 2Ki.1		
H7531	7	AUTO	H7531a	H7531a	H7531A	pavement	pavement	pavement	pavement	a:1.00, b:0.00	a:1.00, b:0.00
H7552	5	OWN	H7552	H7552	H7552G	Rekem	Rekem	A man of the tribe of Manasseh living at the time of Divided Monarchy,	A man living at the time of Egypt and Wilderness, first mentioned at N		
H7586	406	OWN	H7586	H7586	H7586G	Saul	Saul	A man of the tribe of Levi living at the time of Divided Monarchy, fir	A king of the tribe of Benjamin living at the time of United Monarchy,		
H7602	8	AUTO	H7602a	H7602a	H7602A	to long for	to long for	1) to gasp, pant, pant after, long for, breathe heavily 1a) (Qal) 1a1)	1) to gasp, pant, pant after, long for, breathe heavily 1a) (Qal) 1a1)	a:0.25, b:0.00	a:0.75, b:0.00
H7614	23	OWN	H7614	H7614	H7614G	Sheba	Sheba	§ Sheba = "seven" or "an oath" a nation in southern Arabia	A man of the Cushites living at the time of the Patriarchs, first ment		
H7619	3	OWN	H7619	H7619	H7619G	Shebuel	Shebuel	A man of the tribe of Levi living at the time of Divided Monarchy, fir	A man of the tribe of Levi living at the time of Egypt and Wilderness,		
H7620	20	OWN	H7620	H7620	H7620H	Weeks	week	1) seven, period of seven (days or years), heptad, week 1a) period of 	1) seven, period of seven (days or years), heptad, week 1a) period of 		
H7623	8	AUTO	H7623a	H7623b	H7623B	to soothe	to praise	1) to soothe, still, stroke 1a) (Piel) to soothe, still 1b) (Hiphil) s	1) to laud, praise, commend 1a) (Piel) 1a1) to laud, praise (God) 1a2)	a:0.00, b:0.25	a:0.00, b:0.62
H7626	190	OWN	H7626	H7626	H7626G	tribe: staff	tribe: staff	: ruler 1) rod, staff, branch, offshoot, club, sceptre, tribe 1a) rod,	: staff 1) rod, staff, branch, offshoot, club, sceptre, tribe 1a) rod,		
H7628	49	AUTO	H7628a	H7628a	H7628A	captivity	captivity	1) captivity, captives 1a) (state of) captivity 1b) (act of) capture 1	1) captivity, captives 1a) (state of) captivity 1b) (act of) capture 1	a:0.65, b:0.24	a:0.94, b:0.24
H7641	16	OVERRIDE	H7641a	H7641b	H7641B	stream	ear	flowing stream	1) ear (of grain), head of grain 1a) as growing 1b) cluster	a:0.06, b:0.81	a:0.94, b:0.88
H7641a	3	OWN	H7641a	H7641a	H7641A	stream	stream	means:  growing ear (of grain), flowing stream   used as a password	flowing stream		
H7645	6	OWN	H7645	H7645	H7645G	Shebaniah	Shebaniah	A man living at the time of Exile and Return, only mentioned at Neh.10	A man living at the time of Divided Monarchy, only mentioned at 1Ch.15		
H7652a	1	OWN	H7652a	H7652a	H7652A	Sheba	Sheba	A man of the tribe of Gad  living at the time of Divided Monarchy, onl	A man living at the time of United Monarchy, first mentioned at 2Sa.20		
H7663	6	OVERRIDE	H7663a	H7663b	H7663B	to inspect	to await	(Qal) to inspect, examine	1) (Piel) 1a) to wait (for), wait upon 1b) to hope (for) Aramaic equiv	a:0.00, b:0.00	a:0.00, b:0.67
H7673	71	AUTO	H7673a	H7673a	H7673A	to cease	to cease	1) to cease, desist, rest 1a) (Qal) 1a1) to cease 1a2) to rest, desist	1) to cease, desist, rest 1a) (Qal) 1a1) to cease 1a2) to rest, desist	a:0.18, b:0.00	a:0.65, b:0.04
H7678	3	OWN	H7678	H7678	H7678G	Shabbethai	Shabbethai	A man living at the time of Exile and Return, only mentioned at Neh.11	A man living at the time of Exile and Return, only mentioned at Ezr.10		
H7685	4	CURATE	H7685a	H7685a	H7685A	to grow	to grow	1) to grow, increase 1a) (Qal) to grow (of plant)	1) to grow, increase 1a) (Qal) to grow (of plant)	a:0.25, b:0.25	a:0.50, b:0.75
H7687	3	OWN	H7687	H7687	H7687G	Segub	Segub	A man of the tribe of Judah living before Israel's Monarchy, first men	A man living at the time of Divided Monarchy, only mentioned at 1Ki.16		
H7704	320	AUTO	H7704a	H7704b	H7704B	Sirion	land: soil	This name means  field, land, plain Another spelling of cher.mon (חֶרְ	: soil 1) field, land 1a) open field, country 1b) definite portion of 	a:0.78, b:0.90	a:0.87, b:0.96
H7704a	13	OWN	H7704a	H7704a	H7704M	Sirion	field	1) field, land 1a) cultivated field 1b) of home of wild beasts 1c) pla	1) field, land 1a) cultivated field 1b) of home of wild beasts 1c) pla		
H7722	1	AUTO	H7722a	H7722a	H7722A	ravage	ravage	ravage	ravage	a:1.00, b:0.00	a:1.00, b:0.00
H7723	53	OWN	H7723	H7723	H7723G	vanity: false	vanity: false	: vain/empty/worthless 1) emptiness, vanity, falsehood 1a) emptiness, 	: false 1) emptiness, vanity, falsehood 1a) emptiness, nothingness, va		
H7724	2	OWN	H7724	H7724	H7724G	Sheva	Sheva	A man living at the time of United Monarchy, first mentioned at 2Sa.8.	A man of the tribe of Judah living at the time of Egypt and Wilderness		
H7725	1057	OWN	H7725	H7725	H7725G	to return: return	to return: return	: repent 1) to return, turn back 1a) (Qal) 1a1) to turn back, return 1	: return 1) to return, turn back 1a) (Qal) 1a1) to turn back, return 1		
H7727	4	OWN	H7727	H7727	H7727G	Shobab	Shobab	A man of the tribe of Judah living at the time of Egypt and Wilderness	A man of the tribe of Judah living at the time of United Monarchy, fir		
H7732	9	OWN	H7732	H7732	H7732G	Shobal	Shobal	A man of the tribe of Judah living at the time of Egypt and Wilderness	A man living at the time of the Patriarchs, first mentioned at Gen.36.		
H7737	14	CURATE	H7737a	H7737a	H7737A	be like	be like	1) to agree with, be or become like, level, resemble 1a) (Qal) 1a1) to	1) to agree with, be or become like, level, resemble 1a) (Qal) 1a1) to	a:0.07, b:0.00	a:0.29, b:0.00
H7739	2	OVERRIDE	H7739a	H7739b	H7739B	be like	be set	(Pael) to become like Aramaic of sha.vah (שָׁוָה "be like" H7737A)	(Hithpael) to be set, be made Aramaic of sha.vah (שָׁוָה "to set" H773	a:0.00, b:0.00	a:0.00, b:1.00
H7751	13	CURATE	H7751a	H7751a	H7751A	to rove	to rove	1) to go, go or rove about, go to and fro 1a) (Qal) to go or rove abou	1) to go, go or rove about, go to and fro 1a) (Qal) to go or rove abou	a:0.00, b:0.00	a:0.31, b:0.00
H7755	5	OWN	H7755	H7755	H7755G	Socoh	Socoh	A man of the tribe of Judah(?) living at the time of Divided Monarchy,	§ Shocho or Shochoh or Sochoh or Shoco or Socoh = "bushy"   a town in 		
H7760	585	AUTO	H7760a	H7760a	H7760A	to set: make	to set: make	: make/establish 1) to put, place, set, appoint, make 1a) (Qal) 1a1) t	: make/establish 1) to put, place, set, appoint, make 1a) (Qal) 1a1) t	a:0.63, b:0.00	a:0.74, b:0.00
H7763	2	OWN	H7763	H7763	H7763G	Shomer	Shomer	A man of the tribe of Asher living before Israel's Monarchy, first men	A man of the Moabites living at the time of Divided Monarchy, first me		
H7771	2	AUTO	H7771a	H7771a	H7771A	rich	rich	adj  independent, noble, free, rich, generous	adj  independent, noble, free, rich, generous	a:0.50, b:0.00	a:0.50, b:0.00
H7774	1	OWN	H7774	H7774	H7774G	Shua	Shua	A woman living at the time of the Patriarchs, first mentioned at Gen.3	A woman of the tribe of Asher living before Israel's Monarchy, only me		
H7791	3	AUTO	H7791a	H7791a	H7791A	wall	wall	wall	wall	a:1.00, b:0.00	a:1.00, b:0.00
H7803	4	OWN	H7803	H7803	H7803G	Shuthelah	Shuthelah	A man of the tribe of Ephraim living at the time of Divided Monarchy, 	A man of the tribe of Ephraim living at the time of Egypt and Wilderne		
H7819	80	AUTO	H7819a	H7819a	H7819A	to slaughter	to slaughter	v 1) to kill, slaughter, beat 1a) (Qal) 1a1) to slaughter 1a1a) beast 	v 1) to kill, slaughter, beat 1a) (Qal) 1a1) to slaughter 1a1a) beast 	a:0.96, b:0.96	a:0.96, b:0.96
H7845	23	OWN	H7845	H7845	H7845H	Pit: hell	pit: grave	1) pit, destruction, grave 1a) pit (for catching lions)	1) pit, destruction, grave 1a) pit (for catching lions)		
H7851	5	OWN	H7851	H7851	H7851G	Shittim	Shittim	Combined with na.chal (נַ֫חַל " Valley" H5158I)  § Shittim = "the acac	Shittim = "the acacias"   place of Israel's encampment between the con		
H7883	4	OWN	H7883	H7883	H7883G	Shihor	Shihor	Shihor or Sihor = "dark"  a river or canal on east border of Egypt and	§ Shihor or Sihor = "dark"  a river or canal on east border of Egypt a		
H7896	85	OWN	H7896	H7896	H7896G	to set: make	to set: make	: consider 1) to put, set 1a) (Qal) 1a1) to put, lay (hand upon) 1a2) 	: make/establish 1) to put, set 1a) (Qal) 1a1) to put, lay (hand upon)		
H7901	212	OWN	H7901	H7901	H7901G	to lie down: lay down	to lie down: lay down	: be_dead 1) to lie down 1a) (Qal) 1a1) to lie, lie down, lie on 1a2) 	: lay_down/lie_with 1) to lie down 1a) (Qal) 1a1) to lie, lie down, li		
H7919	60	CURATE	H7919a	H7919a	H7919A	be prudent	be prudent	1) to be prudent, be circumspect, wisely understand, prosper 1a) (Qal)	1) to be prudent, be circumspect, wisely understand, prosper 1a) (Qal)	a:0.08, b:0.00	a:0.72, b:0.00
H7921	24	AUTO	H7921a	H7921a	H7921A	be bereaved	be bereaved	1) to be bereaved, make childless, miscarry 1a) (Qal) to be bereaved 1	1) to be bereaved, make childless, miscarry 1a) (Qal) to be bereaved 1	a:0.42, b:0.12, c:0.00	a:0.71, b:0.12, c:0.04
H7927	15	OWN	H7927	H7927	H7927G	Shechem	Shechem	A man living at the time of the Patriarchs, first mentioned at Gen.33.	Shechem = "back" or "shoulder"   a city in Manasseh; located in a vall		
H7928	3	OWN	H7928	H7928	H7928G	Shechem	Shechem	A man of the tribe of Manasseh living at the time of Egypt and Wildern	A man of the tribe of Manasseh living at the time of Egypt and Wildern		
H7935	8	OWN	H7935	H7935	H7935G	Shecaniah	Shecaniah	A man living at the time of Exile and Return, first mentioned at Neh.1	A man of the tribe of Judah living at the time of Divided Monarchy, fi		
H7940	2	OWN	H7940	H7940	H7940G	Sachar	Sachar	A man living at the time of United Monarchy, first mentioned at 2Sa.23	A man of the tribe of Levi living at the time of United Monarchy, only		
H7965	237	OWN	H7965	H7965	H7965G	peace	peace	: completely 1) completeness, soundness, welfare, peace 1a) completene	: peace 1) completeness, soundness, welfare, peace 1a) completeness (i		
H7967	27	OWN	H7967	H7967	H7967G	Shallum	Shallum	A king of the tribe of Judah living at the time of Divided Monarchy, f	A king of the Kingdom of Israel, living at the time of Divided Monarch		
H7971	847	OWN	H7971	H7971	H7971G	to send: depart	to send: depart	: exile 1) to send, send away, let go, stretch out 1a) (Qal) 1a1) to s	: depart/send 1) to send, send away, let go, stretch out 1a) (Qal) 1a1		
H7975	1	AUTO	H7975a	H7975a	H7975A	Shelah	Shelah	§ Shelah = "sent"  a fountain just southeast of Jerusalem	§ Shelah = "sent"  a fountain just southeast of Jerusalem	a:1.00, b:0.00	a:1.00, b:1.00
H7991	16	AUTO	H7991a	H7991c	H7991C	third	officer	1) third part 1a) name of a measure	shield carrier, adjutant, officer, captain	a:0.00, b:0.00, c:0.38	a:0.00, b:0.12, c:0.75
H7997	14	OVERRIDE	H7997a	H7997b	H7997B	to take	to loot	(Qal) to draw out	1) to spoil, plunder, take spoil 1a) (Qal) to spoil, plunder 1b) (Hith	a:0.07, b:0.00	a:0.07, b:0.64
H7999	116	CURATE	H7999a	H7999a	H7999A	to complete	to complete	1) to be complete, be sound 1a) (Qal) 1a1) to be complete, be finished	1) to be complete, be sound 1a) (Qal) 1a1) to be complete, be finished	a:0.03, b:0.00	a:0.44, b:0.17
H8007	4	OWN	H8007	H8007	H8007G	Salmon	Salmon	A man of the tribe of Judah living at the time of Egypt and Wilderness	A man of the tribe of Judah living before Israel's Monarchy, first men		
H8013	3	OWN	H8013	H8013	H8013G	Shelomoth	Shelomoth	A man of the tribe of Levi living at the time of Egypt and Wilderness,	A man living at the time of Divided Monarchy, only mentioned at 1Ch.23		
H8018	5	OWN	H8018	H8018	H8018G	Shelemiah	Shelemiah	A man of the tribe of Levi  living at the time of Exile and Return, fi	A man living at the time of Exile and Return, only mentioned at Ezr.10		
H8019a	2	OWN	H8019a	H8019a	H8019A	Shelomith	Shelomith	A man living at the time of Divided Monarchy, only mentioned at 1Ch.23	A man of the tribe of Levi living at the time of Egypt and Wilderness,		
H8033	834	OWN	H8033	H8033	H8033G	there	there	Combined with ye.ru.sha.laim (יְרוּשָׁלִַ֫ם, יְרוּשְׁלֵם "Jerusalem" H	1) there, thither 1a) there 1b) thither (after verbs of motion) 1c) fr		
H8037	2	OWN	H8037	H8037	H8037G	Shammah	Shammah	A man of the tribe of Asher living at the time of Divided Monarchy, on	A man living at the time of United Monarchy, only mentioned at 2Sa.23.		
H8047	39	OWN	H8047	H8047	H8047G	horror: destroyed	horror: destroyed	: appalled 1) waste, horror, appalment 1a) a waste (of land, city, etc	: destroyed/waste 1) waste, horror, appalment 1a) a waste (of land, ci		
H8048	7	OWN	H8048	H8048	H8048G	Shammah	Shammah	A man of the tribe of Judah living at the time of United Monarchy, fir	A man living at the time of the Patriarchs, first mentioned at Gen.36.		
H8050	140	OWN	H8050	H8050	H8050G	Samuel	Samuel	A man of the tribe of Issachar living at the time of Egypt and Wildern	A man of the tribe of Levi living at the time of United Monarchy, firs		
H8051	5	OWN	H8051	H8051	H8051G	Shammua	Shammua	A man of the tribe of Levi  living at the time of Exile and Return, fi	A man living at the time of Egypt and Wilderness, only mentioned at Nu		
H8060	6	OWN	H8060	H8060	H8060G	Shammai	Shammai	A man of the tribe of Judah(?) living before Israel's Monarchy, only m	A man of the tribe of Judah living at the time of Divided Monarchy, fi		
H8069	1	OWN	H8069	H8069	H8069G	Shamir	Shamir	A man of the tribe of Levi living at the time of Divided Monarchy, onl	§ Shamir = "a point" or "thorn"   a town in the mountain district of J		
H8070	4	OWN	H8070	H8070	H8070G	Shemiramoth	Shemiramoth	A man living at the time of Divided Monarchy, only mentioned at 2Ch.17	A man living at the time of Divided Monarchy, first mentioned at 1Ch.1		
H8074	94	OWN	H8074	H8074	H8074G	be desolate: destroyed	be desolate: destroyed	: appalled 1) to be desolate, be appalled, stun, stupefy 1a) (Qal) 1a1	: destroyed/deserted 1) to be desolate, be appalled, stun, stupefy 1a)		
H8077	56	CURATE	H8077a	H8077a	H8077A	devastation	devastation	devastation, waste, desolation Also means: shi.me.mah (שִֽׁמְמָה "deso	devastation, waste, desolation Also means: shi.me.mah (שִֽׁמְמָה "deso	a:0.32, b:0.55	a:0.96, b:0.64
H8077a	1	OWN	H8077a	H8077a	H8077A	devastation	devastation	devastation, waste, desolation Another name of ye.ru.sha.laim (יְרוּשׁ	devastation, waste, desolation Also means: shi.me.mah (שִֽׁמְמָה "deso		
H8085	1159	OWN	H8085	H8085	H8085G	to hear: hear	to hear: hear	: welcome v 1) to hear, listen to, obey 1a) (Qal) 1a1) to hear (percei	: hear v 1) to hear, listen to, obey 1a) (Qal) 1a1) to hear (perceive 		
H8087	5	OWN	H8087	H8087	H8087G	Shema	Shema	A man living at the time of Exile and Return, only mentioned at Neh.8.	A man of the tribe of Judah  living at the time of Divided Monarchy, f		
H8088	17	AUTO	H8088a	H8088b	H8088B	sound	report	sound	report, a hearing Also means: sho.ma (שֹׁ֫מַע "report" H8089)	a:0.00, b:0.47	a:0.00, b:0.53
H8092	5	OWN	H8092	H8092	H8092G	Shimea	Shimea	A man of the tribe of Judah living at the time of United Monarchy, fir	A man of the tribe of Levi living at the time of Divided Monarchy, onl		
H8095	44	OWN	H8095	H8095	H8095G	Simeon	Simeon	A man living at the time of Exile and Return, only mentioned at Ezr.10	A man of the tribe of Simeon  living at the time of the Patriarchs, fi		
H8096	43	OWN	H8096	H8096	H8096G	Shimei	Shimei	A man of the tribe of Judah living at the time of United Monarchy, fir	A man of the tribe of Levi living at the time of Egypt and Wilderness,		
H8098	34	OWN	H8098	H8098	H8098A	Shemaiah	Shemaiah	A man living at the time of Divided Monarchy, only mentioned at Jer.36	A prophet living at the time of United Monarchy, first mentioned at 1K		
H8104	468	OWN	H8104	H8104	H8104G	to keep: obey	to keep: obey	: careful/dilligent 1) to keep, guard, observe, give heed 1a) (Qal) 1a	: obey/observe 1) to keep, guard, observe, give heed 1a) (Qal) 1a1) to		
H8106	4	AUTO	H8106a	H8106a	H8106A	Shemer	Shemer	A man living at the time of Divided Monarchy, first mentioned at 1Ki.1	A man living at the time of Divided Monarchy, first mentioned at 1Ki.1	a:1.00, b:0.00	a:1.00, b:0.00
H8106a	1	OWN	H8106a	H8106a	H8106A	Shemer	Shemer	A man of the tribe of Asher living before Israel's Monarchy, first men	A man living at the time of Divided Monarchy, first mentioned at 1Ki.1		
H8113	4	OWN	H8113	H8113	H8113G	Shimri	Shimri	A man living at the time of Divided Monarchy, only mentioned at 2Ch.29	A man of the tribe of Simeon(?) living at the time of Divided Monarchy		
H8114	3	OWN	H8114	H8114	H8114G	Shemariah	Shemariah	A man living at the time of Exile and Return, only mentioned at Ezr.10	A man living at the time of Divided Monarchy, only mentioned at 1Ch.12		
H8127	55	OWN	H8127	H8127	H8127G	tooth	tooth	: prong 1) tooth, ivory 1a) tooth 1a1) of man, lex talionis, beast 1b)	: tooth 1) tooth, ivory 1a) tooth 1a1) of man, lex talionis, beast 1b)		
H8138	14	AUTO	H8138a	H8138a	H8138A	to change	to change	1) change, alter 1a) (Qal) to change 1b) (Piel) to change, alter 1c) (	1) change, alter 1a) (Qal) to change 1b) (Piel) to change, alter 1c) (	a:0.43, b:0.00	a:0.57, b:0.00
H8163	3	AUTO	H8163a	H8163a	H8163A	hairy	hairy	adj  hairy	adj  hairy	a:0.67, b:0.00, c:0.00	a:0.67, b:0.00, c:0.00
H8165a	1	OWN	H8165a	H8165a	H8165A	Seir	Seir	§ Seir = "hairy" or "shaggy"  patriarch of the Horites, the inhabitant	§ Seir = "hairy" or "shaggy" n pr terr 2) the land of Edom, south of t		
H8173	4	CURATE	H8173a	H8173a	H8173A	to smear	to smear	1) to be smeared over, be blinded 1a) (Qal) 1a1) to be smeared over, b	1) to be smeared over, be blinded 1a) (Qal) 1a1) to be smeared over, b	a:0.00, b:0.00	a:0.75, b:0.00
H8174	2	OWN	H8174	H8174	H8174G	Shaaph	Shaaph	A man of the tribe of Judah living at the time of Egypt and Wilderness	A man of the tribe of Judah living at the time of Divided Monarchy, on		
H8175	3	AUTO	H8175a	H8175a	H8175A	to shudder	to shudder	1) to shudder, shiver, dread, bristle (with horror), be very afraid 1a	1) to shudder, shiver, dread, bristle (with horror), be very afraid 1a	a:1.00, b:0.00, c:0.00	a:1.00, b:0.00, c:0.00
H8178	3	CURATE	H8178a	H8178a	H8178A	shuddering	shuddering	terror, horror	terror, horror	a:0.00, b:0.00	a:1.00, b:0.00
H8179	372	OWN	H8179	H8179	H8179G	gate	gate	: town 1) gate 1a) gate (of entrance) 1b) gate (of space inside gate, 	: gate 1) gate 1a) gate (of entrance) 1b) gate (of space inside gate, 		
H8189	3	OWN	H8189	H8189	H8189G	Shaaraim	Shaaraim	Shaaraim = "double gate"  a town in Simeon Another name of sha.ru.chen	§ Shaaraim = "double gate"   a town in Judah		
H8193	176	OWN	H8193	H8193	H8193G	lips	lips	: language 1) lip, language, speech, shore, bank, brink, brim, side, e	: lips/mouth 1) lip, language, speech, shore, bank, brink, brim, side,		
H8197	1	AUTO	H8197a	H8197a	H8197A	Shephupham	Shephupham	A man of the tribe of Benjamin living at the time of Egypt and Wildern	A man of the tribe of Benjamin living at the time of Egypt and Wildern	a:1.00, b:0.00	a:1.00, b:1.00
H8202	8	OWN	H8202	H8202	H8202G	Shaphat	Shaphat	A man living at the time of Divided Monarchy, only mentioned at 1Ch.27	A man living at the time of Egypt and Wilderness, only mentioned at Nu		
H8203	10	OWN	H8203	H8203	H8203G	Shephatiah	Shephatiah	A man living at the time of Divided Monarchy, only mentioned at Jer.38	A man of the tribe of Judah living at the time of United Monarchy, fir		
H8206	3	OWN	H8206	H8206	H8206G	Shuppim	Shuppim	A man living at the time of Divided Monarchy, only mentioned at 1Ch.26	A man of the tribe of Benjamin  living at the time of Egypt and Wilder		
H8210	115	OWN	H8210	H8210	H8210G	to pour: pour	to pour: pour	: scatter 1) to pour, pour out, spill 1a) (Qal) 1a1) to pour, pour out	: pour 1) to pour, pour out, spill 1a) (Qal) 1a1) to pour, pour out 1a		
H8227	4	AUTO	H8227a	H8227a	H8227A	rock badger	rock badger	rock badger, coney, the hyrax	rock badger, coney, the hyrax	a:0.25, b:0.00	a:1.00, b:0.75
H8240	1	NO_SIGNAL	H8240a	H8240a	H8240A	ash heep	ash heep	1) probably same as מִשְׁפְּתַ֫יִם, probably fire-places or ash-heaps 	1) probably same as מִשְׁפְּתַ֫יִם, probably fire-places or ash-heaps 	a:0.00, b:0.00	a:0.00, b:0.00
H8248	61	OWN	H8248	H8248	H8248G	to water: watering	to water: watering	: cupbearer 1) to give to drink, irrigate, drink, water, cause to drin	: watering(ANIMALS/PLANTS) 1) to give to drink, irrigate, drink, water		
H8272	4	OWN	H8272	H8272	H8272G	Sharezer	Sharezer	A man living at the time of Exile and Return, only mentioned at Zec.7.	A man living at the time of Divided Monarchy, first mentioned at 2Ki.1		
H8274	8	OWN	H8274	H8274	H8274G	Sherebiah	Sherebiah	A man living at the time of Exile and Return, first mentioned at Neh.1	A man living at the time of Exile and Return, first mentioned at Ezr.8		
H8289	7	OWN	H8289	H8289	H8289G	Lasharon	Lasharon	This name means  plain, level Sharon = "a plain"  the district lying b	Lasharon or 'of Sharon'   "a plain" A town possibly near Mt. Tabor		
H8302	1	CURATE	H8302a	H8302a	H8302A	lance	lance	1) a weapon 1a) perhaps a lance, javelin	1) a weapon 1a) perhaps a lance, javelin	a:0.00, b:0.00	a:1.00, b:0.00
H8304	19	OWN	H8304	H8304	H8304G	Seraiah	Seraiah	A man living at the time of Divided Monarchy, first mentioned at Jer.5	A man living at the time of United Monarchy, first mentioned at 2Sa.8.		
H8314	7	CURATE	H8314a	H8314a	H8314A	serpent	serpent	1) serpent, fiery serpent 1a) poisonous serpent (fiery from burning ef	1) serpent, fiery serpent 1a) poisonous serpent (fiery from burning ef	a:0.29, b:0.29	a:0.43, b:0.29
H8323	7	AUTO	H8323a	H8323a	H8323A	to rule	to rule	1) to be or act as prince, rule, contend, have power, prevail over, re	1) to be or act as prince, rule, contend, have power, prevail over, re	a:0.43, b:0.00	a:0.86, b:0.00
H8336	38	AUTO	H8336a	H8336b	H8336B	alabaster	linen	alabaster, similar stone, marble, material of pavement	something bleached white, byssus, linen, fine linen	a:0.00, b:1.00	a:0.00, b:1.00
H8385	1	CURATE	H8385a	H8385a	H8385A	estrous	estrous	occasion, time of heat or oestrous or copulation, sexual drive (of ani	occasion, time of heat or oestrous or copulation, sexual drive (of ani	a:0.00, b:0.00	a:1.00, b:0.00
H8388	6	NO_SIGNAL	H8388a	H8388a	H8388A	to border	to border	1) (Qal) to be drawn, incline, delineate, extend 1a) meaning uncertain	1) (Qal) to be drawn, incline, delineate, extend 1a) meaning uncertain	a:0.00, b:0.00	a:0.00, b:0.00
H8396	10	OWN	H8396	H8396	H8396G	(Mount) Tabor	(Mount) Tabor	Tabor = "mound" n pr mont   a city of the Merarite Levites located in 	§ Tabor = "mound" n pr mont   a mountain in the plain of Esdraelon ris		
H8421	8	OWN	H8421	H8421	H8421G	to return: return	to return: return	: reply 1) to return, come back 1a) (P'al) to return, come back 1b) (A	: return 1) to return, come back 1a) (P'al) to return, come back 1b) (		
H8422	8	OWN	H8422	H8422	H8422G	Tubal	Tubal	Combined with me.shekh (מֶ֫שֶׁךְ "Meshech" H4902I)  § Tubal = "thou sh	A man living at the time of the Patriarchs, first mentioned at Gen.10.		
H8425	4	OWN	H8425	H8425	H8425G	Togarmah	Togarmah	Combined with ba.yit (בַּ֫יִת ", Beth-" H1004I)  § Togarmah = "thou wi	A man of the Gomerians living at the time of the Patriarchs, first men		
H8433	4	AUTO	H8433a	H8433a	H8433A	rebuke	rebuke	rebuke, correction, punishment, chastisement	rebuke, correction, punishment, chastisement	a:0.50, b:0.00	a:1.00, b:0.50
H8439	6	OWN	H8439	H8439	H8439G	Tola	Tola	A Judge living before Israel's Monarchy, only mentioned at Jdg.10.1;  	A man of the tribe of Issachar living at the time of Egypt and Wildern		
H8453	14	CURATE	H8453a	H8453a	H8453A	sojourner	sojourner	sojourner, stranger	sojourner, stranger	a:0.07, b:0.07	a:0.14, b:0.07
H8465	2	OWN	H8465	H8465	H8465G	Tahan	Tahan	A man of the tribe of Ephraim living at the time of Divided Monarchy, 	A man of the tribe of Ephraim living at the time of Egypt and Wilderne		
H8478	505	OWN	H8478	H8478	H8478G	underneath: under	underneath: under	: swear/allegience/(hand)under 1) the under part, beneath, instead of,	: under/below 1) the under part, beneath, instead of, as, for, for the		
H8480	4	OWN	H8480	H8480	H8480G	Tahath	Tahath	A man of the tribe of Ephraim living at the time of Divided Monarchy, 	§ Tahath = "station"   a station of Israel in the wilderness		
H8481	13	OWN	H8481	H8481	H8481H	Lower (Beth Horon)	lower	lower, lowest, nether	lower, lowest, nether		
H8485	5	OWN	H8485	H8485	H8485G	Tema	Tema	§ Tema = "desert"   the land settled by Tema the son of Ishmael	A man of the Arabs living at the time of the Patriarchs, first mention		
H8487	11	OWN	H8487	H8487	H8487G	Teman	Teman	Teman = "south"   the region occupied by the descendants of Teman, loc	A man of the Edomites living at the time of the Patriarchs, first ment		
H8526	6	OWN	H8526	H8526	H8526G	Talmai	Talmai	A man living at the time of United Monarchy, first mentioned at 2Sa.3.	A man living at the time of Egypt and Wilderness, first mentioned at N		
H8549	91	OWN	H8549	H8549	H8549G	unblemished	unblemished	: Thummim 1) complete, whole, entire, sound 1a) complete, whole, entir	: unblemished/perfect 1) complete, whole, entire, sound 1a) complete, 		
H8553	12	OWN	H8553	H8553	H8553G	Timnah	Timnah	§ Timnath or Timnah or Thimnathah = "portion"   a town in the hill cou	§ Timnath or Timnah or Thimnathah = "portion"   a town on the northern		
H8555	6	OWN	H8555	H8555	H8555G	Timna	Timna	A man living at the time of the Patriarchs, first mentioned at Gen.36.	A woman living at the time of the Patriarchs, first mentioned at Gen.3		
H8556	2	AUTO	H8556a	H8556a	H8556A	Timnath-heres	Timnath-heres	Timnath-heres (or Timnath-serah) = "portion of the sun" or "abundant p	Timnath-heres (or Timnath-serah) = "portion of the sun" or "abundant p	a:1.00, b:0.50	a:1.00, b:1.00
H8559	22	OWN	H8559	H8559	H8559G	Tamar	Tamar	Tamar = "palm-tree"  Sothernmost tip of Judah Another name of tad.mor 	A woman living at the time of the Patriarchs, first mentioned at Gen.3		
H8574	15	OWN	H8574	H8574	H8574H	(Tower of) the Ovens	oven	1) furnace, oven, fire-pot, (portable) stove 1a) for cooking 1b) of Go	1) furnace, oven, fire-pot, (portable) stove 1a) for cooking 1b) of Go		
H8577	14	AUTO	H8577a	H8577b	H8577M	jackal	serpent: snake	jackal Also means: tan.nah (תַּנָּה "dragon" H8568)	1) dragon, serpent, sea monster 1a) dragon or dinosaur 1b) sea or rive	a:0.00, b:1.00	a:0.14, b:1.00
H8585	9	AUTO	H8585a	H8585a	H8585A	conduit	conduit	conduit, water course, trench	conduit, water course, trench	a:0.33, b:0.00	a:0.67, b:0.00
H8602	5	AUTO	H8602a	H8602b	H8602B	insipid	whitewash	adj 1) foolish, insipid 2) (BDB) tasteless, unseasoned	whitewash	a:0.00, b:1.00	a:0.00, b:1.00
H8607	2	OWN	H8607	H8607	H8607G	Tiphsah	Tiphsah	§ Tiphsah = "cross over"  a place in the northern kingdom of Israel wh	§ Tiphsah = "cross over"   a place at the northeast limit of Solomon's		
H8615	32	AUTO	H8615a	H8615b	H8615B	cord	hope	cord	1) hope, expectation 1a) hope 1b) ground of hope 1c) things hoped for,	a:0.00, b:0.91	a:0.00, b:0.97
H8616	2	OWN	H8616	H8616	H8616G	Tikvah	Tikvah	A man living at the time of Exile and Return, only mentioned at Ezr.10	A man living at the time of Divided Monarchy, first mentioned at 2Ki.2		
H8625	1	AUTO	H8625a	H8625a	H8625A	to weigh	to weigh	v 1) to weigh 1a) (P'il) to be weighed	v 1) to weigh 1a) (P'il) to be weighed	a:1.00, b:0.00	a:1.00, b:0.00
H8646	11	OWN	H8646	H8646	H8646G	Terah	Terah	§ Terah = "station"   a station of Israel in the wilderness	A man living at the time of the Patriarchs, first mentioned at Gen.11.		
H8649	5	AUTO	H8649a	H8649b	H8649B	treachery	deceitfulness	in treachery, treacherously	deceitfulness, treachery, fraud, deceit	a:0.00, b:0.20	a:0.00, b:1.00
H8656	14	OWN	H8656	H8656	H8656G	Tirzah	Tirzah	§ Tirzah = "favourable"  one of the kingdoms on the west of the Jordan	A woman of the tribe of Manasseh living at the time of Egypt and Wilde		
H8659	24	OWN	H8659	H8659	H8659G	Tarshish	Tarshish	A man of the tribe of Benjamin living at the time of Divided Monarchy,	A man of the Greeks living at the time of the Patriarchs, first mentio		
H8668	34	OWN	H8668	H8668	H8668G	deliverance: salvation	deliverance: salvation	: victory 1) salvation, deliverance 1a) deliverance (usually by God th	: salvation 1) salvation, deliverance 1a) deliverance (usually by God 		
